Barcode,2024-01-01,2024-01-02,2024-01-03,2024-01-04,2024-01-05,2024-01-06,2024-01-07,2024-01-08,2024-01-09,2024-01-10,2024-01-11,2024-01-12,2024-01-13,2024-01-14,2024-01-15,2024-01-16,2024-01-17,2024-01-18,2024-01-19,2024-01-20,2024-01-21,2024-01-22,2024-01-23,2024-01-24,2024-01-25,2024-01-26,2024-01-27,2024-01-28,2024-01-29,2024-01-30,2024-01-31,2024-02-01,2024-02-02,2024-02-03,2024-02-04,2024-02-05,2024-02-06,2024-02-07,2024-02-08,2024-02-09,2024-02-10,2024-02-11,2024-02-12,2024-02-13,2024-02-14,2024-02-15,2024-02-16,2024-02-17,2024-02-18,2024-02-19,2024-02-20,2024-02-21,2024-02-22,2024-02-23,2024-02-24,2024-02-25,2024-02-26,2024-02-27,2024-02-28,2024-02-29,2024-03-01,2024-03-02,2024-03-03,2024-03-04,2024-03-05,2024-03-06,2024-03-07,2024-03-08,2024-03-09,2024-03-10,2024-03-11,2024-03-12,2024-03-13,2024-03-14,2024-03-15,2024-03-16,2024-03-17,2024-03-18,2024-03-19,2024-03-20,2024-03-21,2024-03-22,2024-03-24,2024-03-25,2024-03-26,2024-03-27,2024-03-28,2024-03-29,2024-03-30,2024-03-31,2024-04-01,2024-04-02,2024-04-03,2024-04-04,2024-04-05,2024-04-06,2024-04-07,2024-04-08,2024-04-09,2024-04-10,2024-04-11,2024-04-12,2024-04-13,2024-04-14,2024-04-15,2024-04-16,2024-04-17,2024-04-18,2024-04-19,2024-04-20,2024-04-21,2024-04-22,2024-04-23,2024-04-24,2024-04-25,2024-04-26,2024-04-27,2024-04-28,2024-04-29,2024-04-30,2024-05-01,2024-05-02,2024-05-03,2024-05-04,2024-05-05,2024-05-06,2024-05-07,2024-05-08,2024-05-09,2024-05-10,2024-05-11,2024-05-12,2024-05-13,2024-05-14,2024-05-15,2024-05-16,2024-05-17,2024-05-18,2024-05-19,2024-05-20,2024-05-21,2024-05-22,2024-05-23,2024-05-24,2024-05-25,2024-05-26,2024-05-27,2024-05-28,2024-05-29,2024-05-30,2024-05-31,2024-06-01,2024-06-02,2024-06-03,2024-06-04,2024-06-05,2024-06-06,2024-06-07,2024-06-08,2024-06-09,2024-06-10,2024-06-11,2024-06-12,2024-06-13,2024-06-14,2024-06-15,2024-06-16,2024-06-17,2024-06-18,2024-06-19,2024-06-20,2024-06-21,2024-06-22,2024-06-23,2024-06-24,2024-06-25,2024-06-26,2024-06-27,2024-06-28,2024-06-29,2024-06-30,2024-07-01,2024-07-02,2024-07-03,2024-07-04,2024-07-05,2024-07-07,2024-07-08,2024-07-09,2024-07-10,2024-07-11,2024-07-12,2024-07-13,2024-07-14,2024-07-15,2024-07-16,2024-07-17,2024-07-18,2024-07-19,2024-07-20,2024-07-21,2024-07-22,2024-07-23,2024-07-24,2024-07-25,2024-07-26,2024-07-27,2024-07-28,2024-07-30,2024-07-31,2024-08-01,2024-08-02,2024-08-03,2024-08-04,2024-08-05,2024-08-06,2024-08-07,2024-08-08,2024-08-09,2024-08-10,2024-08-11,2024-08-12,2024-08-13,2024-08-14,2024-08-15,2024-08-16,2024-08-17,2024-08-18,2024-08-19,2024-08-20,2024-08-21,2024-08-22,2024-08-23,2024-08-24,2024-08-25,2024-08-26,2024-08-27,2024-08-28,2024-08-29,2024-08-30,2024-08-31,2024-09-01,2024-09-02,2024-09-03,2024-09-04,2024-09-05,2024-09-06,2024-09-07,2024-09-08,2024-09-09,2024-09-10,2024-09-11,2024-09-12,2024-09-13,2024-09-15,2024-09-16,2024-09-17,2024-09-18,2024-09-19,2024-09-20,2024-09-21,2024-09-22,2024-09-23,2024-09-24,2024-09-25,2024-09-27,2024-09-28,2024-09-29,2024-09-30,2024-10-01,2024-10-02,2024-10-03,2024-10-04,2024-10-05,2024-10-06,2024-10-07,2024-10-08,2024-10-09,2024-10-10,2024-10-11,2024-10-12,2024-10-13,2024-10-14,2024-10-15,2024-10-16,2024-10-17,2024-10-18,2024-10-19,2024-10-20,2024-10-21,2024-10-22,2024-10-23,2024-10-24,2024-10-25,2024-10-26,2024-10-27,2024-10-28,2024-10-29,2024-10-30,2024-10-31,2024-11-01,2024-11-02,2024-11-03,2024-11-04,2024-11-05,2024-11-06,2024-11-07,2024-11-08,2024-11-09,2024-11-10,2024-11-11,2024-11-12,2024-11-13,2024-11-14,2024-11-15,2024-11-16,2024-11-17,2024-11-18,2024-11-19,2024-11-20,2024-11-21,2024-11-22,2024-11-23,2024-11-24,2024-11-25,2024-11-28,2024-11-29,2024-11-30,2024-12-01,2024-12-02,2024-12-03,2024-12-04,2024-12-05,2024-12-06,2024-12-07,2024-12-08,2024-12-09,2024-12-10,2024-12-11,2024-12-12,2024-12-13,2024-12-14,2024-12-15,2024-12-16,2024-12-17,2024-12-18,2024-12-19,2024-12-20,2024-12-21,2024-12-23,2024-12-24,2024-12-25,2024-12-27,2024-12-28,2024-12-29,2024-12-30,2024-12-31
9550889811760,2,0,1,3,1,0,0,0,0,3,0,0,0,0,1,3,0,1,0,0,0,3,0,1,3,0,0,1,0,0,0,0,0,0,0,0,0,0,0,2,0,0,2,1,0,3,2,0,0,0,2,2,2,1,0,0,1,0,1,0,3,0,0,0,1,1,1,1,0,0,1,0,1,0,3,0,0,0,1,0,1,2,0,1,0,0,0,0,0,1,3,0,1,0,0,0,0,0,1,0,1,0,0,0,1,0,3,0,3,0,1,1,2,1,3,0,0,0,0,1,2,3,2,0,1,0,1,0,3,0,1,0,1,0,1,1,2,0,0,2,1,1,1,0,0,0,0,0,1,1,0,1,0,1,2,4,2,0,1,0,1,2,3,1,0,0,0,3,0,0,0,3,0,0,1,1,1,0,0,1,0,2,1,3,2,3,0,1,0,1,0,0,0,0,3,1,0,0,2,0,0,5,2,1,0,0,0,0,0,0,3,1,0,0,0,0,0,1,1,0,0,4,2,1,1,4,0,0,1,1,1,1,2,1,0,0,1,0,0,0,0,0,2,0,1,1,2,0,0,1,1,2,0,1,0,0,1,0,0,2,0,0,0,0,1,0,0,0,0,0,1,0,2,0,0,3,2,1,2,0,0,0,0,0,2,0,1,1,0,0,1,1,1,1,0,0,0,0,0,0,0,0,0,1,2,0,1,2,0,0,3,1,0,2,1,1,0,0,1,3,1,0,0,0,0,0,1,0,0,1,0,0,1,2,0,0,0,0,1,0,2,0,0,4,1,2,0,0,0,1,1,4,0,0,0,0,0
7534112261015,3,3,1,0,0,0,0,1,0,0,2,1,0,0,0,1,2,1,0,0,0,1,0,0,1,0,0,2,0,0,0,2,0,0,0,2,2,1,2,2,0,0,1,2,0,1,2,1,0,3,1,1,1,0,0,0,0,0,1,0,1,0,0,2,0,1,2,0,0,0,1,2,2,1,0,0,0,3,0,1,1,1,0,2,0,0,0,0,0,0,1,1,4,0,0,0,0,0,1,3,0,0,0,0,0,2,1,1,1,1,0,0,1,2,1,0,1,0,0,0,1,1,1,0,1,1,2,2,2,1,0,1,0,2,0,4,1,0,0,1,3,2,1,1,0,1,0,0,0,1,0,0,0,0,0,1,0,1,0,0,2,0,3,2,0,0,0,1,1,0,0,1,0,0,2,1,0,0,0,0,0,0,4,2,1,2,0,2,2,1,0,1,0,0,0,0,1,1,0,0,0,2,2,1,2,0,0,0,0,0,2,1,0,0,2,1,1,1,1,0,0,2,0,0,1,1,0,0,1,2,1,0,1,0,0,0,0,0,0,0,0,0,0,0,0,1,0,0,0,1,3,0,0,3,1,2,1,2,1,4,0,0,1,1,0,0,0,0,0,1,2,1,0,0,0,2,2,0,1,1,0,1,3,2,1,0,1,0,0,0,2,3,1,1,0,0,0,0,0,0,4,0,0,1,1,2,1,0,0,0,2,1,1,1,3,0,0,2,2,2,1,1,1,0,1,0,0,0,1,1,1,1,0,1,1,0,2,1,2,2,0,0,0,0,0,1,5,1,1,0,1,1,0,0,0,1,0
6695212836394,3,1,0,3,1,0,0,0,2,1,0,0,0,0,1,0,0,5,0,0,0,2,2,2,2,1,0,0,0,0,0,4,3,0,0,4,3,2,2,0,1,0,1,0,0,0,2,0,0,2,3,0,1,1,0,0,0,1,0,0,1,0,2,3,2,3,1,1,0,0,0,3,1,3,1,0,0,0,0,1,0,1,0,2,0,0,0,0,0,0,0,0,2,0,2,1,0,3,2,0,1,1,0,0,4,0,2,3,0,2,1,2,1,3,3,0,0,0,0,0,1,1,0,0,0,2,1,1,4,0,0,0,0,1,2,4,1,0,0,2,1,1,2,0,0,0,0,0,1,0,0,0,0,0,1,0,2,0,1,0,3,1,6,2,1,1,0,0,1,0,4,2,0,0,2,1,0,0,0,0,0,0,0,3,0,4,0,3,1,1,1,2,1,0,0,0,3,1,2,0,0,2,0,1,3,1,0,0,0,0,2,1,0,0,2,2,1,0,1,0,0,3,1,1,0,1,0,0,3,1,0,0,2,0,1,0,0,0,0,0,0,0,0,1,1,2,2,0,0,0,1,3,3,1,0,1,0,1,0,2,1,0,2,0,2,0,0,0,0,1,2,2,1,0,0,1,1,1,1,0,0,0,0,1,0,0,2,0,0,3,3,0,1,0,0,0,0,0,0,0,0,0,0,1,0,3,0,1,0,0,0,0,2,0,1,0,1,3,1,0,1,0,0,0,1,0,0,0,0,2,0,0,4,1,0,0,2,0,1,1,0,0,0,2,1,1,1,0,0,1,0,1,0,0,0,1,1
5656234314111,2,1,2,3,2,1,0,0,2,1,2,1,2,0,1,0,1,0,1,0,0,3,2,2,1,0,0,0,0,0,0,1,1,0,0,3,1,1,1,3,0,0,0,1,1,3,0,0,0,0,3,0,0,0,0,0,0,0,1,0,2,0,0,0,1,1,1,1,0,0,0,1,2,3,0,0,0,4,0,0,2,2,0,0,0,0,0,0,1,0,1,1,2,0,0,0,0,1,3,0,2,0,0,0,0,2,1,0,2,0,0,0,1,2,0,0,0,0,0,0,0,2,2,0,0,1,0,3,1,2,0,0,1,1,0,0,0,0,1,0,0,2,1,0,0,0,0,0,0,0,0,0,1,1,0,2,1,0,0,0,1,0,3,1,3,0,0,0,3,0,1,0,0,1,1,0,0,0,0,0,0,1,0,2,0,2,0,1,1,0,3,1,0,1,1,0,1,1,1,0,0,0,0,2,1,1,0,0,0,0,0,1,0,0,0,0,1,1,0,0,0,1,0,1,1,0,0,0,0,2,3,2,4,0,1,0,0,0,0,0,0,0,0,5,1,1,2,0,0,1,0,0,2,0,0,0,1,0,0,0,0,0,0,2,2,0,0,0,0,0,2,1,0,0,0,1,3,1,1,2,0,0,0,0,1,1,2,0,0,0,1,0,0,0,0,0,0,0,0,0,1,0,0,1,1,0,1,1,0,0,0,0,0,1,0,0,0,1,1,0,0,1,0,0,0,0,0,0,0,0,0,1,0,0,0,0,1,1,0,1,0,0,0,1,0,1,1,1,0,1,1,0,0,0,1,0,0
1489716693439,3,0,1,0,2,0,0,1,1,2,1,4,0,0,0,2,0,2,2,0,0,2,2,1,3,0,0,0,0,0,1,0,1,0,0,0,2,0,1,1,1,0,1,2,0,0,0,0,0,3,1,2,1,2,0,0,0,0,0,0,2,0,0,1,2,4,0,3,0,0,2,2,2,1,1,0,0,0,0,3,3,0,0,2,0,0,0,0,0,0,0,1,1,0,4,0,0,1,1,1,1,0,0,0,0,0,1,0,2,0,0,0,2,1,1,0,0,0,0,0,1,0,0,0,0,2,2,1,0,3,0,0,2,0,1,2,1,1,0,0,1,2,1,0,0,0,0,0,0,0,0,0,0,0,0,1,2,2,0,0,0,0,1,4,2,0,0,2,0,0,1,2,0,1,0,1,0,0,0,0,0,1,5,2,1,1,0,1,1,1,0,2,0,0,0,0,2,0,1,0,0,3,3,3,0,0,0,0,0,0,3,3,0,0,0,0,2,0,3,0,0,2,2,0,1,2,1,0,1,4,0,2,2,0,0,1,1,0,0,0,0,0,3,2,0,0,0,0,0,2,2,0,2,1,1,1,0,1,0,3,0,0,0,0,0,0,0,0,0,1,0,0,1,0,0,4,1,0,1,0,0,0,1,0,2,0,1,0,0,1,2,1,1,1,0,0,0,0,0,0,1,0,0,1,0,3,1,0,0,0,2,1,0,2,1,0,0,3,2,1,3,0,0,0,1,1,0,0,0,1,1,0,3,1,0,0,1,0,1,2,2,0,0,1,0,2,3,1,0,1,2,0,0,0,0,0,0
3442852944505,1,0,0,1,0,0,0,1,1,2,1,5,0,0,0,2,1,2,1,0,1,0,0,0,1,0,0,0,0,0,0,2,1,0,0,3,0,2,0,2,0,0,0,1,1,0,1,0,0,0,1,1,2,1,0,0,0,2,1,1,1,0,0,1,1,1,1,1,0,0,0,1,1,2,1,0,0,0,2,1,0,0,0,1,0,1,0,0,0,0,1,0,1,2,0,0,0,3,0,0,2,2,0,0,7,0,2,1,1,0,0,1,0,0,2,0,1,0,0,0,1,0,2,0,0,2,1,1,1,4,0,0,2,0,0,0,0,0,0,0,0,0,0,1,0,0,0,0,1,0,0,1,0,1,2,1,3,0,0,0,1,1,0,5,2,0,0,0,2,2,0,0,0,0,1,2,0,0,0,0,0,0,1,0,2,2,0,0,1,0,0,0,0,0,2,0,2,1,0,0,0,2,0,2,0,0,0,0,1,0,1,1,1,1,0,1,2,1,0,0,0,1,2,3,1,1,0,0,0,0,1,0,1,0,0,0,0,0,0,0,0,0,1,0,0,0,0,0,0,0,1,2,0,0,0,0,1,3,1,1,0,0,1,1,1,0,0,0,0,1,0,1,0,0,0,0,2,0,2,2,0,0,1,3,2,0,0,0,0,0,1,2,2,0,0,0,0,0,0,0,1,0,0,0,0,0,2,0,1,0,0,1,2,1,1,0,0,1,3,0,1,0,0,0,1,0,0,0,0,1,0,0,0,1,0,0,0,1,1,1,1,0,0,1,0,1,2,0,0,0,0,1,0,0,0,0,0
7438552944490,0,0,1,3,0,0,0,2,1,2,3,2,0,0,2,2,0,0,2,0,0,6,2,1,1,0,0,0,0,0,0,3,0,1,0,1,2,1,0,1,0,0,1,0,1,1,1,0,0,1,2,2,2,0,0,0,0,2,0,0,0,0,0,3,0,0,1,1,0,0,0,2,1,0,5,0,0,1,0,2,0,0,0,2,0,0,0,0,0,0,1,0,1,0,0,0,0,1,3,3,2,0,0,0,1,1,0,1,1,0,0,1,2,0,3,0,0,0,0,0,1,1,1,0,0,0,1,0,0,2,0,0,0,0,0,1,1,0,0,1,1,0,2,1,0,0,1,0,0,0,0,0,1,0,0,1,1,1,0,0,1,0,1,1,0,0,0,1,1,1,0,1,0,0,2,4,1,0,0,0,0,2,2,0,2,1,0,0,0,0,1,0,0,0,1,1,0,0,2,0,0,2,0,0,6,0,0,0,0,0,1,1,0,0,1,0,2,0,1,0,0,3,0,0,1,0,0,0,0,2,0,1,0,0,0,0,1,0,0,0,0,0,0,0,1,1,1,0,0,0,4,1,1,0,0,1,2,1,0,1,0,0,1,0,0,0,0,0,0,5,2,0,0,0,0,2,2,0,0,1,0,0,1,0,0,2,0,0,0,0,1,0,1,1,0,0,0,0,0,0,1,0,1,1,0,1,2,0,0,0,2,1,0,1,0,0,0,1,0,0,1,0,0,0,1,1,1,0,0,1,0,0,0,1,0,0,3,0,0,1,0,0,0,0,1,1,1,1,0,0,0,0,0,0,0,0,0
7477584351590,0,1,1,3,1,0,0,0,0,0,3,1,0,0,1,1,2,0,2,0,0,1,0,1,4,0,0,0,0,0,0,2,1,0,0,1,3,1,0,0,0,0,0,0,0,5,0,0,0,0,2,1,4,1,0,1,0,1,1,0,0,0,0,0,4,5,2,1,0,0,0,3,4,2,0,0,1,1,1,2,1,0,0,2,0,0,0,2,0,0,1,0,3,2,1,0,0,1,2,1,5,3,0,1,2,5,3,2,2,1,0,1,0,2,0,0,1,0,0,0,0,1,0,0,0,3,3,3,5,1,0,0,2,1,0,0,1,1,0,1,4,2,1,0,1,0,0,0,0,1,0,0,0,2,2,0,0,3,0,0,2,3,1,1,0,0,2,1,5,1,1,1,0,0,0,1,0,0,2,0,0,0,0,2,1,0,0,1,3,0,2,4,0,0,1,1,2,2,1,0,0,1,2,4,2,0,0,1,0,0,2,1,0,0,1,1,1,1,1,0,0,2,2,1,7,0,0,0,1,2,1,1,1,0,0,0,0,0,0,0,0,0,2,3,1,2,2,0,0,0,1,3,2,1,0,0,0,0,0,1,0,0,2,0,2,0,0,0,0,1,2,1,0,0,0,0,0,1,2,4,0,1,1,5,1,2,1,0,0,1,4,0,2,1,0,1,0,0,0,0,1,0,0,3,2,2,1,2,0,0,1,2,0,1,0,1,0,1,1,0,0,1,0,0,1,1,0,0,0,0,0,0,0,0,0,0,2,0,3,2,0,0,0,0,0,1,3,0,1,2,0,1,0,0,0,0,1
8060776080538,1,0,0,4,1,0,0,3,0,1,0,1,0,0,0,3,3,2,2,0,0,1,0,1,1,0,0,0,0,0,1,0,0,0,0,2,1,0,2,2,0,0,0,0,0,1,1,0,0,1,3,2,0,0,0,0,0,1,0,0,1,0,0,0,1,2,1,1,0,0,2,0,3,1,0,0,0,1,0,3,1,1,0,0,0,0,0,0,0,0,1,0,1,3,1,0,0,0,0,1,0,1,0,0,1,1,3,0,1,0,0,0,1,1,4,0,0,0,0,0,1,1,0,1,0,2,0,4,2,0,0,0,2,1,1,2,1,0,0,1,2,0,0,0,1,0,0,0,0,0,0,0,0,0,0,1,1,2,0,0,2,0,2,0,0,0,0,0,0,3,1,0,0,2,1,0,0,0,1,0,0,1,1,1,0,0,0,0,1,0,1,0,0,0,2,0,1,1,0,0,0,0,0,2,2,0,0,1,0,0,1,2,0,0,0,0,1,0,0,0,0,1,0,0,0,0,0,0,0,0,0,1,1,0,1,0,0,0,0,0,0,0,0,0,0,1,1,0,0,0,1,1,0,0,0,0,1,1,1,1,0,0,0,2,2,0,0,0,0,1,1,0,0,0,0,0,3,2,1,0,0,0,2,0,0,0,0,0,0,1,0,0,2,1,0,1,0,0,0,0,3,0,0,1,0,1,1,0,0,0,0,0,2,0,0,0,2,0,1,0,0,0,0,0,1,0,1,0,1,1,3,3,0,1,0,0,1,0,2,0,2,0,1,0,1,3,1,2,1,0,0,3,0,0,0,0,0
3046223091366,3,1,1,2,1,0,0,1,0,1,1,1,0,0,0,1,1,0,2,0,0,0,2,3,2,0,0,0,0,0,0,1,1,0,1,2,1,2,3,3,0,0,0,2,0,1,0,0,0,1,3,1,2,1,0,0,0,0,2,0,1,0,0,1,2,4,0,3,0,0,2,1,1,1,2,0,0,0,3,5,0,0,0,4,0,0,0,0,0,0,2,0,2,2,1,0,0,1,2,3,2,1,0,0,2,1,3,1,0,0,0,1,0,1,1,0,0,0,0,0,1,1,1,0,0,2,3,1,1,3,0,0,1,1,1,1,1,0,0,1,0,1,1,0,0,1,0,0,0,1,0,0,0,0,2,1,2,0,0,0,2,1,2,0,1,0,0,4,2,0,1,0,0,0,2,0,0,0,1,0,0,4,1,2,2,2,0,0,3,2,0,1,0,0,2,2,1,0,0,0,0,3,0,0,1,0,0,0,0,0,0,4,0,0,0,2,1,1,0,0,0,1,0,0,1,1,0,0,1,0,3,0,0,0,0,1,0,0,0,0,0,0,0,1,1,2,2,1,0,0,0,2,1,0,0,0,0,3,1,0,0,0,1,0,0,0,0,0,0,2,1,0,2,0,0,1,3,0,0,1,0,0,0,0,0,0,1,0,0,2,2,1,0,0,0,0,0,0,1,0,0,0,0,2,1,0,1,1,0,1,0,0,2,2,0,1,0,1,0,1,2,2,1,0,0,1,0,0,0,1,2,0,2,2,0,0,1,2,1,1,1,1,0,1,0,1,0,0,0,0,0,0,0,0,0,0,0
6768130244551,0,1,2,1,1,0,0,0,1,0,1,3,0,0,1,0,3,1,1,1,0,0,1,1,1,0,1,0,0,0,0,3,1,0,0,2,2,0,2,3,0,0,1,0,0,1,1,0,0,2,5,2,1,0,0,0,0,1,0,0,1,0,1,0,2,1,3,2,0,0,2,1,1,0,0,0,0,1,0,0,0,0,0,1,0,0,0,0,0,0,0,1,1,2,0,0,0,0,5,0,1,1,0,0,4,2,0,2,1,0,1,3,1,0,1,0,0,0,0,0,2,3,1,0,0,2,1,3,1,0,0,0,1,0,2,3,0,0,0,2,2,2,2,0,0,0,0,1,0,0,0,0,1,0,2,3,6,3,1,0,2,1,2,1,3,0,0,1,1,3,1,1,0,0,2,2,0,0,0,0,0,2,3,3,1,0,0,0,2,4,0,1,0,0,0,0,2,1,2,0,0,1,0,3,1,0,0,0,0,0,2,0,0,0,3,0,4,1,1,1,0,5,0,1,2,2,0,0,1,0,2,1,0,0,0,0,0,0,1,0,0,0,1,0,1,0,0,0,0,2,1,1,1,0,0,2,2,1,0,2,0,0,1,1,3,0,0,0,0,1,2,2,3,1,0,2,2,1,1,1,0,0,0,0,4,0,0,0,0,2,1,1,1,2,0,1,0,0,0,0,2,0,0,1,0,1,0,0,0,0,0,0,3,0,1,0,0,1,2,2,0,0,0,0,1,0,0,0,0,1,1,0,0,1,0,0,2,0,2,0,1,0,0,2,2,0,0,1,1,2,2,0,0,1,0,0,0
7909647285748,3,2,2,1,0,0,0,2,2,3,0,2,1,0,3,2,1,2,1,0,0,0,0,1,0,0,1,0,0,0,0,7,1,0,0,3,1,1,2,3,0,0,2,4,1,3,1,1,0,0,2,2,1,0,0,0,0,0,0,0,2,1,0,1,1,3,2,1,0,0,0,1,1,0,0,0,1,4,1,1,0,3,0,1,0,0,0,1,0,0,0,1,3,3,0,0,0,3,3,1,3,0,0,0,3,1,1,1,1,0,0,1,1,0,0,1,0,0,0,0,2,4,1,1,0,1,3,4,7,2,1,0,1,2,1,2,3,0,0,1,3,3,1,1,0,0,0,0,0,0,0,0,0,0,0,0,5,3,0,0,2,2,1,4,2,1,0,1,2,1,2,3,0,1,2,1,0,0,0,0,0,4,3,1,1,4,0,2,3,1,1,4,0,0,1,0,1,1,3,0,0,0,3,3,3,1,0,0,0,2,0,2,1,0,0,1,3,1,4,0,0,2,3,1,2,0,0,0,3,0,4,2,1,0,0,0,0,0,0,0,0,0,2,4,1,1,1,0,0,3,0,1,0,1,0,0,1,1,1,2,0,0,0,0,2,0,0,0,0,0,0,0,1,0,0,1,0,3,0,1,0,0,2,1,1,0,3,0,1,3,1,1,0,0,0,0,0,0,0,0,3,0,0,1,1,1,0,1,2,0,1,0,3,0,0,0,0,1,1,0,0,0,0,0,0,0,2,0,0,2,2,1,2,0,0,0,3,0,1,1,0,0,0,2,0,0,4,2,0,0,2,3,0,0,1,0,0
2646305542863,1,0,0,1,2,0,0,4,1,2,2,3,0,1,1,3,3,0,0,0,0,4,2,1,1,0,0,0,1,0,0,0,0,0,1,0,2,4,1,0,0,0,2,1,1,1,1,0,0,3,2,1,0,1,0,0,0,2,0,1,3,0,0,1,3,0,0,2,0,0,0,0,0,1,2,0,1,2,1,2,0,2,0,0,0,0,0,0,1,0,2,1,2,3,0,0,1,0,2,1,0,2,0,0,3,3,1,1,3,0,1,1,0,2,1,1,0,0,0,0,0,0,0,0,0,2,3,1,2,1,0,0,2,2,2,1,1,0,0,2,0,1,0,1,0,0,0,0,0,0,0,0,0,1,1,3,0,1,0,0,3,0,1,2,1,0,0,3,1,1,0,1,0,1,1,4,0,0,0,0,1,2,2,1,0,3,0,2,1,0,1,1,0,0,0,0,0,1,2,0,0,1,1,1,1,1,0,0,0,0,0,0,0,0,0,0,2,1,0,1,0,1,1,0,1,1,0,0,0,0,2,3,3,1,0,0,0,0,0,0,0,0,1,0,0,0,0,0,0,1,2,2,1,0,0,1,0,0,1,3,0,0,0,0,0,0,0,0,0,2,3,0,2,0,0,2,1,1,2,1,0,0,0,1,2,2,0,0,0,1,1,2,0,0,0,0,0,0,0,0,4,0,0,2,0,1,1,2,0,0,2,3,3,4,1,0,0,1,2,1,2,0,0,0,0,0,0,0,0,1,1,0,0,2,0,0,1,0,1,2,2,0,0,5,1,1,1,1,0,2,0,3,0,0,0,0,0
4266329572283,1,0,1,1,1,0,0,0,1,2,1,1,0,0,0,0,1,1,1,0,0,0,2,2,0,0,0,0,0,0,0,0,1,0,0,0,1,2,1,0,0,0,0,0,3,1,2,0,0,0,3,7,0,1,0,0,0,2,0,2,0,0,1,0,0,1,1,1,0,0,0,0,0,3,0,0,0,1,1,0,0,1,0,3,0,0,0,1,0,0,0,0,0,2,2,0,0,0,2,1,1,2,0,0,1,1,0,0,0,0,0,2,4,2,0,0,0,0,0,0,1,2,0,0,0,2,0,1,1,1,0,0,1,1,1,0,3,0,0,1,1,1,0,0,0,0,1,0,0,0,0,0,0,0,0,0,1,0,0,0,1,1,2,4,0,0,0,3,0,1,1,1,0,0,0,0,0,0,0,0,0,1,1,0,1,0,0,1,1,1,0,1,0,0,1,0,1,1,1,0,0,2,1,1,2,0,2,0,0,0,1,1,0,1,1,1,0,1,1,0,0,2,0,0,1,1,0,0,1,0,1,1,0,0,0,0,0,0,0,0,0,0,0,0,0,1,2,0,0,2,0,3,0,0,0,0,1,0,2,1,0,1,0,0,0,0,0,0,0,2,1,0,2,0,0,1,2,0,0,0,0,0,3,2,0,2,2,0,0,2,0,0,1,0,1,0,0,0,0,0,0,0,1,0,0,5,0,2,0,0,0,0,0,1,4,0,0,0,1,0,0,1,0,0,0,0,0,0,0,0,0,1,0,2,0,0,2,0,2,0,1,0,0,0,1,3,0,0,0,1,0,0,0,0,0,0,1
1081846168108,0,0,0,0,2,0,0,1,1,2,0,0,0,0,1,1,3,2,1,0,0,0,2,2,2,0,0,1,0,1,0,0,3,0,0,0,0,0,2,3,2,0,1,3,1,0,0,0,0,1,0,2,1,1,0,0,0,1,0,0,2,0,0,3,0,0,1,0,0,0,0,1,1,1,1,0,0,1,1,2,2,2,0,3,0,0,0,0,0,0,1,0,3,0,0,0,0,0,1,0,2,0,0,0,1,1,1,0,2,0,0,0,3,2,0,0,0,0,0,0,2,0,1,0,0,1,0,2,2,0,0,0,1,2,2,2,1,0,0,2,0,1,0,1,0,0,0,1,0,0,0,1,0,0,2,1,0,0,0,0,2,0,3,2,1,0,0,2,1,0,0,1,0,0,1,1,0,0,0,0,0,0,4,2,1,0,0,0,0,0,1,0,0,0,0,1,0,0,0,0,0,0,1,2,4,0,0,0,0,0,2,1,0,0,2,0,0,2,1,0,0,0,2,2,0,0,0,1,0,0,0,0,2,0,0,0,0,0,1,0,0,0,1,0,0,4,2,0,0,1,0,0,1,1,0,0,0,1,2,0,0,0,0,1,0,0,0,0,1,1,0,0,0,0,0,0,1,2,0,0,0,0,1,0,0,0,0,0,0,3,1,0,0,1,0,0,0,0,0,0,0,0,0,1,0,0,0,0,1,0,3,0,0,1,2,0,0,0,2,0,0,1,0,0,0,1,0,0,0,0,1,1,0,0,0,0,0,1,2,0,1,0,0,0,2,0,2,2,0,0,0,0,0,0,0,0,0
4264705587768,1,1,0,1,1,0,0,2,1,1,0,0,0,0,0,2,0,2,2,0,0,0,1,2,1,0,0,0,0,0,0,2,1,0,0,0,3,1,1,1,0,0,1,2,0,0,0,0,0,2,1,0,1,0,0,0,0,0,0,0,2,0,0,0,2,0,1,1,0,0,0,2,4,0,3,0,0,1,0,1,1,1,0,0,0,0,0,0,0,0,0,1,1,1,1,0,1,0,2,1,0,2,0,0,1,2,1,1,4,0,0,0,0,1,0,1,1,0,0,0,0,0,1,0,0,0,0,0,1,2,0,0,2,2,0,0,2,0,0,0,0,1,0,0,0,0,0,1,0,1,0,0,0,0,2,1,0,2,0,0,1,1,4,1,1,0,0,0,0,1,0,1,0,0,1,2,0,0,0,0,0,2,2,1,1,3,0,0,2,0,0,1,0,1,1,2,2,1,0,0,0,2,0,0,1,0,0,0,0,0,2,1,1,0,0,0,2,0,0,0,0,0,0,0,1,0,0,1,1,0,0,1,2,0,1,0,0,0,0,0,0,0,0,0,0,1,1,0,0,0,2,1,1,2,0,0,0,0,1,2,0,0,1,2,0,0,0,0,0,0,1,1,2,1,0,1,2,1,0,1,0,0,1,4,0,2,0,0,0,0,1,1,0,3,0,0,0,0,0,0,2,0,0,1,0,0,2,1,0,0,1,1,1,4,2,0,0,1,2,0,1,0,0,0,2,0,1,0,0,2,0,0,0,1,0,0,0,2,0,2,0,0,0,0,1,0,1,1,0,0,1,1,0,0,0,1,0
5966087203573,2,1,1,2,0,0,0,2,0,3,1,3,0,0,1,3,2,1,1,0,0,1,2,2,0,0,0,0,0,0,0,2,1,0,1,0,1,2,0,1,0,0,2,1,1,7,0,0,0,2,0,0,4,1,0,0,0,0,0,0,1,0,1,2,3,0,3,1,0,0,0,2,1,0,1,0,1,0,3,0,1,0,0,2,0,0,0,0,0,1,1,1,1,0,1,0,0,2,2,2,0,0,0,0,3,2,2,0,2,1,0,2,0,1,1,0,1,0,0,0,3,1,1,0,1,0,1,0,1,3,0,0,0,3,2,0,1,0,0,0,0,3,1,1,0,0,0,0,0,1,0,0,1,0,2,3,1,1,0,0,2,0,2,0,0,0,0,3,1,2,1,3,0,0,1,1,0,0,1,0,0,1,3,0,1,0,1,1,2,0,0,1,0,0,2,1,1,0,1,0,0,0,1,2,1,0,0,0,0,1,1,1,1,0,2,0,1,0,1,0,0,1,1,0,0,1,1,0,0,0,1,0,1,0,0,0,0,0,0,1,0,0,3,0,0,1,1,1,0,0,1,1,1,2,0,1,0,0,0,0,0,0,1,3,0,1,0,0,0,0,0,1,0,0,0,1,1,0,0,0,0,0,2,0,0,0,0,0,0,1,3,2,2,1,0,0,0,0,0,1,3,0,0,2,1,0,2,2,0,0,2,0,0,0,3,0,0,0,0,0,0,0,0,0,1,0,1,0,0,4,2,0,2,0,0,0,2,0,0,0,0,1,0,0,2,1,1,1,0,1,0,2,0,0,0,0,0
1110475018705,1,1,1,1,0,0,0,2,5,3,1,2,1,0,1,1,1,2,4,0,0,1,1,0,3,0,0,1,0,0,0,3,1,0,0,2,0,3,1,1,2,0,1,2,2,1,1,0,0,0,2,2,1,0,0,0,0,0,0,0,1,0,0,0,2,1,1,1,0,0,0,1,0,0,0,0,0,0,1,1,3,2,0,2,0,0,0,0,0,1,2,2,1,1,2,0,0,0,4,1,1,3,0,0,0,1,1,0,2,0,0,0,3,2,1,0,0,0,0,0,0,2,1,0,0,2,1,3,0,2,0,0,0,3,1,1,1,0,0,1,1,1,3,1,0,1,0,0,0,0,1,0,0,0,5,2,0,0,0,0,1,1,2,2,1,0,0,2,2,1,1,2,0,0,3,1,0,0,0,0,0,4,1,2,1,1,0,4,0,0,1,1,0,0,0,1,0,1,0,0,0,3,2,1,1,0,0,0,0,0,1,1,0,0,1,2,1,1,0,0,0,3,1,2,0,0,0,0,2,1,1,0,1,1,0,0,0,0,0,0,0,0,2,4,1,1,2,0,0,2,4,2,1,1,0,0,0,0,0,1,0,0,1,3,1,0,0,0,0,2,0,2,2,0,0,1,1,1,3,3,0,0,2,0,2,1,0,0,0,0,1,0,1,3,0,0,0,1,0,1,2,0,0,1,0,1,0,2,0,0,0,2,3,1,0,0,0,3,1,1,0,1,0,0,1,0,0,1,0,1,2,3,1,0,0,0,2,2,1,2,1,0,0,0,4,1,2,5,0,0,2,0,1,1,0,0,0
5756935329189,1,1,0,0,0,0,0,1,1,1,1,2,0,0,0,0,1,1,1,0,0,1,1,0,0,0,0,0,0,0,1,3,3,0,0,1,1,1,0,2,0,0,2,4,0,1,2,1,0,1,0,0,0,1,1,0,0,0,0,0,2,1,1,1,2,1,1,1,0,0,2,1,1,0,1,0,0,0,1,1,3,1,0,1,0,0,0,0,1,0,1,0,2,1,0,0,0,1,1,1,0,0,0,0,2,0,0,3,0,1,0,1,1,0,0,0,1,1,0,0,1,3,2,0,1,4,1,3,1,1,0,0,0,0,1,1,0,0,0,0,2,0,2,0,2,0,0,0,0,0,0,0,1,2,1,1,0,2,1,0,1,0,1,1,1,0,0,4,2,1,2,1,0,0,1,0,0,0,0,0,0,3,4,2,0,5,0,2,1,0,0,3,0,0,1,1,2,0,2,0,0,1,0,2,0,0,0,0,1,0,1,0,0,0,2,0,2,0,2,0,0,0,1,1,0,2,1,0,0,1,1,1,1,0,0,0,0,0,1,0,0,0,2,0,1,1,4,0,0,0,0,0,0,1,0,0,0,0,0,1,0,1,0,0,0,0,0,0,0,0,1,0,0,0,0,0,0,0,0,0,0,0,0,0,1,1,0,0,0,0,0,2,0,1,0,0,0,0,0,0,0,0,0,1,0,0,1,1,0,0,0,0,1,2,1,1,0,1,0,1,0,0,0,0,0,0,0,0,1,0,0,0,0,1,0,0,2,0,0,0,0,0,0,0,0,1,1,0,0,0,0,0,0,0,0,0,0
1440710811309,5,1,2,3,2,1,0,0,2,0,3,4,1,0,2,2,1,0,1,0,0,1,0,3,2,0,0,0,0,0,0,6,2,0,1,0,1,4,3,1,0,1,0,3,0,2,1,0,0,1,2,1,0,0,0,0,0,1,0,0,2,1,0,3,2,2,3,3,0,0,1,0,0,0,2,0,0,2,1,1,0,2,1,5,0,0,0,0,0,1,1,2,0,0,3,0,0,3,5,4,2,1,0,0,0,0,2,4,0,0,0,2,7,4,2,0,0,0,0,0,2,2,1,0,1,4,2,2,2,5,0,0,0,2,2,0,0,0,0,2,0,2,4,0,0,2,0,0,0,0,0,0,0,2,2,2,2,1,0,0,2,0,2,2,1,0,0,1,3,1,0,2,1,0,2,3,0,0,0,0,0,1,1,1,0,2,1,2,1,2,2,0,0,1,1,2,1,1,3,0,0,1,1,2,0,0,0,0,0,0,1,1,0,2,2,1,0,2,3,1,0,3,2,0,2,0,0,0,2,0,0,0,2,0,1,0,0,0,1,0,0,0,2,0,0,0,1,0,0,0,1,2,4,2,0,1,2,2,2,0,0,0,0,1,1,0,0,0,0,1,4,3,1,0,0,4,2,1,1,4,0,0,1,1,0,1,0,0,0,3,0,4,0,1,0,0,0,0,0,1,0,0,0,1,2,0,0,1,0,1,1,2,3,1,1,1,0,1,0,0,1,0,0,0,0,0,1,0,0,0,1,1,0,1,0,0,3,0,2,1,0,0,0,3,1,1,1,0,1,1,1,1,0,0,0,0,0
8952577124826,0,1,3,2,0,1,0,2,0,2,0,0,1,0,0,0,2,0,1,0,0,1,1,1,0,0,0,0,0,0,0,3,0,0,0,2,1,2,0,0,0,0,1,0,0,0,0,0,0,0,2,0,1,2,0,0,0,0,0,1,2,0,0,1,1,2,0,4,0,0,2,0,1,2,1,0,0,1,0,0,0,1,0,1,0,0,0,1,0,0,2,1,0,0,1,0,0,1,1,0,1,0,0,0,3,2,3,1,1,1,0,1,0,1,2,0,0,0,0,0,1,1,1,0,0,0,0,0,2,1,0,0,1,2,0,1,1,0,0,0,1,0,0,0,0,0,0,0,0,1,0,0,0,3,0,1,0,0,0,0,2,1,2,1,2,0,0,2,1,4,0,0,0,0,0,1,0,0,0,0,0,0,0,1,0,2,0,1,0,1,0,0,1,0,1,0,0,0,1,0,0,2,1,2,2,0,0,0,0,0,0,0,0,0,2,3,1,1,0,0,0,1,1,2,2,1,0,0,1,0,2,1,2,0,0,0,0,0,0,0,0,0,0,1,1,2,1,1,0,2,1,0,0,0,0,1,1,0,3,2,0,0,2,1,1,0,0,0,0,0,1,1,2,0,1,0,3,0,1,1,0,0,1,2,1,0,0,0,0,0,0,1,1,0,0,0,0,0,0,0,2,0,0,0,3,1,0,3,0,1,1,1,1,2,1,0,0,0,1,3,1,0,0,0,1,0,1,0,1,0,0,1,1,1,0,0,2,1,3,1,0,0,0,1,0,1,2,0,1,0,1,0,0,0,0,0,0
3348353436381,1,0,1,2,0,0,0,1,1,4,0,1,1,0,2,0,1,1,3,0,0,2,1,0,2,0,0,0,0,0,0,4,2,0,0,1,0,0,0,5,1,0,2,3,1,0,0,0,0,1,1,1,0,1,0,0,0,0,0,0,0,0,0,1,0,1,0,4,0,0,0,1,0,1,1,0,1,0,0,1,1,1,0,1,0,0,0,0,0,0,2,0,0,2,2,0,0,2,2,0,1,4,0,0,1,1,2,0,2,0,0,1,1,2,0,0,0,0,0,0,2,0,1,0,0,4,0,2,4,1,0,0,0,1,1,1,1,0,0,0,1,2,0,5,0,1,0,0,0,0,0,0,0,0,1,0,2,1,0,0,1,1,3,2,1,0,0,2,1,0,1,2,0,0,2,1,0,0,0,0,0,0,2,1,0,3,0,0,3,2,2,2,0,0,2,0,2,2,0,0,0,0,0,0,0,0,0,0,0,0,1,1,0,0,3,1,0,0,0,0,0,0,1,1,0,1,0,1,0,2,2,1,1,0,0,0,0,1,0,0,0,0,1,0,0,1,2,0,0,1,3,1,2,2,0,1,1,1,0,2,0,0,1,0,1,0,0,0,0,0,0,0,2,0,0,1,5,1,0,3,0,1,0,0,1,2,1,0,0,0,1,2,0,0,0,0,0,0,0,0,1,1,0,0,1,1,2,0,1,0,1,0,1,1,5,0,1,1,1,1,2,0,0,0,0,0,1,0,0,2,0,0,1,1,1,0,1,0,0,2,2,0,0,2,0,0,1,2,0,0,1,0,1,0,0,0,0
9471443645365,3,2,1,0,0,1,0,2,1,1,0,1,0,0,2,3,5,1,1,1,0,4,0,2,3,0,0,0,0,0,0,4,1,0,0,2,3,1,2,4,0,0,2,3,0,1,3,0,0,1,1,4,2,2,0,0,1,0,1,0,1,0,0,1,5,4,1,1,0,0,1,1,4,0,0,0,0,0,0,4,1,1,0,1,1,0,0,1,1,0,0,1,1,1,0,0,0,2,2,0,0,1,0,1,0,1,5,1,0,1,0,2,2,1,2,1,1,0,0,0,3,2,2,0,0,1,1,3,3,2,0,0,1,3,0,3,0,1,0,0,1,1,2,1,0,0,0,0,0,0,0,0,0,1,2,1,1,3,0,0,1,4,2,1,1,0,0,1,4,3,3,1,0,0,1,0,0,0,0,0,0,1,1,2,1,1,0,1,2,0,0,2,0,0,3,0,4,0,0,0,2,1,1,3,1,0,0,0,0,0,0,1,0,0,2,0,0,0,0,0,0,5,0,2,1,1,0,0,1,2,0,0,2,1,0,0,0,0,0,0,0,0,2,1,3,3,3,0,0,3,0,0,2,5,0,2,0,1,1,2,0,1,1,0,1,0,0,0,0,2,2,1,1,1,0,2,3,1,1,0,0,1,1,3,2,1,1,0,0,1,1,2,0,1,0,0,0,0,0,0,0,0,0,0,3,1,3,1,0,0,1,0,0,3,0,0,0,0,2,3,0,1,0,0,1,0,1,0,0,0,0,1,0,1,0,0,0,0,1,2,1,0,0,2,0,0,3,1,0,1,1,0,0,1,0,0,0
5112203895591,2,4,0,5,0,0,0,1,2,3,1,0,0,0,1,2,2,1,2,0,0,2,1,0,1,0,0,0,0,1,0,3,0,0,0,4,2,4,2,1,0,0,1,1,0,1,1,0,0,0,3,0,0,1,1,0,0,0,0,0,0,0,0,1,2,1,3,0,0,0,1,1,2,0,2,0,1,1,1,0,0,0,0,3,0,0,0,0,0,0,0,0,1,1,2,0,0,2,1,1,1,0,0,0,4,1,1,0,1,1,0,1,2,2,0,1,0,0,0,1,1,1,2,0,0,1,0,0,1,0,1,1,0,0,1,1,0,1,0,0,0,1,0,0,0,0,0,0,0,1,0,0,0,1,3,0,1,0,0,0,0,1,2,0,1,0,0,0,2,0,4,2,0,0,2,0,0,0,0,0,1,1,1,1,1,0,0,2,0,0,0,1,0,0,0,0,1,1,0,1,0,1,0,0,0,0,0,0,0,1,0,1,0,0,0,0,0,1,1,0,0,2,1,0,2,1,0,0,3,0,3,0,0,0,1,0,0,0,0,0,0,0,1,0,1,0,0,0,0,2,3,1,2,0,0,2,0,1,0,0,0,0,0,2,0,0,0,0,0,1,4,1,1,0,0,0,2,1,2,1,0,0,1,0,0,0,1,0,0,0,3,0,2,0,0,0,0,0,0,0,0,0,0,2,0,1,2,0,0,0,1,2,0,1,0,0,0,0,0,0,0,0,0,0,1,0,0,0,0,2,0,2,1,0,0,0,1,0,1,1,0,0,0,1,0,0,1,1,0,1,1,1,0,0,0,0,0
3019733334840,1,0,2,2,2,0,0,3,2,3,3,0,0,0,0,1,1,1,0,0,0,4,0,3,2,0,0,0,0,0,0,3,2,0,0,0,2,1,0,0,0,0,0,3,0,0,0,0,0,1,2,0,1,2,0,0,0,0,1,1,0,0,0,0,0,2,2,2,0,0,0,0,1,1,2,0,0,1,0,1,3,0,0,2,0,0,0,0,0,0,1,0,0,1,0,0,0,0,1,4,1,0,0,0,0,1,1,0,1,0,0,4,2,0,0,0,2,0,0,0,0,1,0,0,0,1,1,3,1,0,0,2,1,1,0,1,0,0,0,1,0,5,0,1,0,0,0,1,0,1,0,0,0,1,0,2,2,1,0,0,1,2,3,2,1,0,0,1,2,1,1,0,0,0,1,2,0,0,1,0,0,1,0,1,1,0,0,3,0,2,0,1,0,0,1,1,0,1,0,0,0,2,0,3,0,0,0,0,0,0,2,0,0,0,0,0,4,1,1,0,0,0,0,0,1,0,0,1,0,1,0,0,0,0,0,0,0,0,0,0,0,0,0,1,0,1,1,0,0,0,2,1,0,1,0,2,1,1,1,0,0,0,1,3,0,1,0,0,0,1,0,2,0,0,0,1,1,2,2,1,0,3,0,1,2,1,1,0,0,0,1,0,0,0,0,2,0,0,0,0,3,0,0,2,1,0,1,0,0,1,0,3,0,1,0,1,0,1,2,2,1,1,0,0,1,1,1,0,0,0,0,2,2,1,0,0,1,0,0,0,2,0,0,0,0,1,1,2,1,1,0,0,1,0,0,1,0
7538675410397,1,1,2,2,0,0,0,1,0,1,3,0,0,0,3,0,1,0,0,0,0,3,0,4,0,0,0,0,0,0,0,1,1,0,0,0,0,3,1,2,0,0,0,0,2,2,0,0,0,0,1,0,1,3,0,0,0,0,1,1,1,0,1,2,2,1,2,1,0,0,1,1,4,2,3,0,0,0,1,2,0,1,0,1,1,0,0,0,2,0,1,2,1,0,1,0,1,0,4,0,4,1,0,0,1,1,0,1,3,0,0,1,2,1,1,0,0,0,1,1,0,1,1,0,0,1,2,2,1,0,0,1,1,0,0,1,1,0,0,2,1,1,5,1,1,1,0,0,0,0,0,0,1,2,1,1,3,3,0,0,1,0,3,0,1,0,0,1,0,0,0,1,0,0,0,1,0,1,0,0,0,2,1,2,2,2,0,3,2,3,1,1,0,0,3,1,1,1,1,0,1,0,1,1,4,0,0,0,0,0,3,3,1,0,0,1,0,3,1,0,0,0,0,0,0,0,0,0,3,0,2,0,2,0,0,0,0,0,0,0,0,0,1,0,1,2,4,0,0,1,0,1,4,0,0,1,0,0,1,3,0,1,2,2,2,0,0,0,0,3,1,0,2,0,0,1,0,0,0,2,0,0,2,1,0,1,0,0,0,1,0,2,2,1,0,0,0,0,0,0,0,0,1,1,2,1,1,0,0,0,0,0,3,0,0,0,0,0,2,0,1,0,0,0,0,0,1,0,0,0,2,0,0,0,0,0,1,1,1,1,1,0,0,0,1,0,0,1,1,0,2,0,0,0,0,0,0
1319495204239,3,1,1,1,1,0,0,1,2,3,0,4,1,1,3,3,2,1,3,0,0,1,1,0,1,0,0,1,0,0,0,3,4,0,0,3,4,0,2,2,2,0,0,3,2,2,0,0,0,1,1,1,1,0,1,0,0,1,0,1,0,0,0,1,0,3,0,1,0,0,1,0,2,2,2,0,0,3,1,3,0,2,1,4,0,0,0,0,0,0,0,0,2,1,0,0,0,0,2,6,3,2,0,0,2,5,0,3,1,1,0,2,2,1,3,0,0,0,0,0,0,2,1,0,0,0,1,2,3,1,0,0,1,1,1,2,1,0,0,3,1,0,2,1,0,0,0,0,0,0,0,0,1,4,2,1,3,0,1,0,2,1,2,2,2,1,0,2,2,1,0,3,0,0,1,1,0,1,1,0,0,1,4,3,0,3,0,1,2,1,2,1,0,0,2,1,2,1,3,0,0,1,2,4,3,0,1,0,0,0,3,0,0,0,2,2,5,2,2,0,1,5,1,1,2,0,1,0,1,0,0,1,2,0,1,0,0,0,0,0,0,0,1,1,0,0,1,0,0,1,2,2,0,1,0,2,1,1,1,4,0,0,1,1,3,0,0,0,0,2,2,0,0,0,0,1,5,0,3,1,0,0,0,2,3,1,1,0,0,1,1,2,1,2,0,0,0,0,1,0,1,0,0,0,0,2,0,0,0,0,2,1,1,0,1,0,0,0,0,1,1,0,0,1,0,0,0,0,0,0,0,0,0,0,0,1,2,0,0,2,2,0,0,2,1,2,1,0,0,2,1,2,0,0,0,0,0
9320526500374,0,0,1,3,0,0,0,2,2,1,4,1,0,0,1,1,2,1,1,0,0,5,0,2,3,0,0,0,0,0,0,3,4,0,1,1,2,2,2,5,0,0,1,0,0,3,0,0,0,1,2,2,1,1,1,0,0,1,0,0,1,0,0,4,1,2,5,2,0,0,2,0,3,1,3,0,0,0,0,1,2,1,0,3,0,0,2,1,0,1,1,1,0,2,1,1,0,3,2,0,0,1,0,0,2,0,1,1,2,1,0,0,1,2,3,0,0,0,0,0,1,3,4,0,0,0,1,0,5,1,0,0,1,0,1,0,0,0,0,0,1,0,0,2,0,0,0,0,0,0,0,0,0,3,0,0,3,1,0,1,0,2,0,2,2,0,2,1,0,3,0,3,0,0,1,4,0,0,0,0,0,0,2,1,0,3,0,1,2,1,0,0,0,0,5,2,3,1,1,0,0,1,0,2,0,0,0,0,0,0,0,2,0,1,1,0,2,2,2,0,0,2,0,0,0,1,0,0,0,1,2,0,0,0,0,0,0,0,0,0,0,1,0,0,0,3,1,0,0,0,1,0,5,2,0,0,2,1,1,0,0,0,1,1,2,0,0,0,0,0,1,0,1,0,0,2,0,2,3,1,0,0,0,2,2,0,0,0,0,0,2,1,0,0,1,0,0,0,0,0,2,0,0,2,1,0,2,1,0,0,0,0,0,2,1,0,0,1,1,1,1,0,0,0,0,0,0,0,0,0,0,0,0,1,0,0,2,1,0,1,1,0,0,0,0,2,2,1,0,2,0,0,0,0,0,0,0
7417081143053,3,0,0,3,1,0,0,3,1,1,0,2,0,0,1,1,1,1,2,0,0,6,0,1,3,0,0,1,2,0,0,3,2,0,0,0,4,1,5,3,0,0,1,1,0,0,1,0,0,0,2,3,1,1,0,0,0,0,0,0,3,0,1,2,1,2,2,3,0,0,2,1,0,3,1,0,1,2,2,0,2,1,0,0,0,0,0,0,1,0,0,0,3,3,6,0,0,2,2,1,4,1,0,0,2,1,1,1,1,1,0,2,1,0,0,0,1,0,0,0,2,2,1,0,0,3,0,2,7,0,0,0,1,0,1,0,4,1,0,1,2,6,0,2,0,0,0,0,1,0,0,0,0,1,4,1,1,2,0,0,1,3,2,1,2,0,0,3,3,1,1,1,0,0,2,1,0,0,0,0,0,1,2,1,1,4,0,4,3,0,1,2,0,0,1,0,2,3,1,0,0,2,1,0,1,0,0,0,0,0,1,1,0,0,3,1,0,2,1,0,0,0,1,2,0,0,0,0,1,0,1,0,1,0,0,0,0,0,0,0,0,0,2,1,0,0,3,0,0,3,3,1,1,6,0,0,2,1,1,2,0,0,1,0,1,0,0,0,0,5,0,1,2,0,0,4,2,1,2,1,0,0,1,0,2,2,2,0,0,2,1,1,3,0,0,0,0,0,0,1,3,0,0,4,0,1,1,1,1,0,2,0,1,2,1,0,0,4,1,1,0,0,0,0,2,0,1,0,0,2,2,1,2,0,0,0,2,1,3,1,3,0,0,2,1,1,0,1,1,1,1,1,0,0,0,0,1
9792841352355,3,1,1,1,0,0,0,1,1,0,1,4,1,0,1,2,1,0,3,0,0,1,2,2,0,0,0,0,0,0,0,0,3,0,0,0,0,0,4,3,0,0,2,1,1,3,0,0,0,1,2,2,2,0,0,0,0,0,0,1,0,0,0,2,0,1,0,1,0,0,0,1,1,2,2,0,0,0,0,1,2,1,0,1,0,0,0,0,0,0,2,1,1,0,1,0,1,2,3,0,2,0,0,0,3,0,0,1,3,0,0,0,1,1,1,0,0,0,0,0,0,0,0,1,0,0,1,0,1,0,0,1,1,1,1,1,1,0,0,0,0,1,2,0,0,1,0,0,1,0,0,0,0,0,3,0,0,1,1,0,3,2,0,2,1,0,0,2,0,1,2,1,0,0,1,1,1,0,0,0,0,1,4,2,1,1,0,0,1,0,0,0,0,0,0,1,0,1,0,0,1,2,0,1,1,0,0,0,0,0,0,0,0,0,0,1,0,1,1,0,0,3,2,0,0,0,1,0,1,0,2,0,0,0,0,0,0,0,0,0,0,0,3,1,2,1,2,0,0,0,1,0,0,2,0,1,0,0,2,2,0,0,1,1,3,0,0,0,1,0,1,1,0,0,0,0,2,1,1,0,0,0,1,0,2,1,0,0,0,0,0,0,0,0,0,0,0,0,0,0,1,0,0,0,0,0,0,1,0,0,2,0,0,2,0,0,0,0,0,0,1,0,0,0,2,0,0,0,0,2,0,2,1,0,0,0,0,1,1,0,0,0,0,3,0,0,0,1,0,1,0,0,0,0,0,0,0
2005707746631,1,0,2,4,0,0,0,1,1,0,2,1,1,0,2,0,1,1,3,0,0,1,0,2,2,0,0,0,0,0,0,4,0,0,0,1,2,3,3,2,0,0,1,0,0,3,0,1,0,3,2,0,0,0,0,0,0,0,0,0,2,0,1,0,0,1,3,2,0,0,0,0,1,2,0,0,1,0,0,0,1,1,0,2,1,0,0,0,0,0,0,0,2,1,0,0,0,0,1,0,2,1,0,1,2,0,1,0,0,2,0,2,1,2,2,0,0,0,0,0,0,0,4,0,0,1,0,0,1,2,0,0,0,3,1,4,0,0,0,2,1,3,1,0,0,0,0,0,0,0,0,0,0,0,0,0,2,0,0,0,0,4,1,1,1,0,0,0,1,3,1,1,0,0,1,0,0,0,0,0,0,2,0,3,1,2,0,2,3,2,0,0,0,0,1,0,2,2,1,0,0,2,1,1,2,0,0,0,0,0,1,1,0,0,2,2,3,0,0,0,0,1,0,1,0,2,0,0,0,0,2,1,1,0,0,0,0,0,0,0,0,0,0,0,0,2,0,0,0,1,1,1,0,0,0,1,0,0,1,0,0,0,0,1,1,2,0,0,0,0,2,0,0,0,0,1,0,0,0,1,0,0,0,3,2,2,1,0,0,1,0,0,1,0,0,0,0,0,0,0,1,0,0,0,1,0,1,0,0,0,0,0,1,1,1,0,0,0,1,0,2,0,0,0,1,0,0,0,0,1,0,0,0,2,0,0,0,1,1,1,2,0,0,1,0,1,4,0,0,1,0,0,0,0,0,0,0
6874779065864,1,2,0,2,1,0,0,2,0,2,0,0,0,0,2,3,2,2,2,0,0,2,1,1,1,0,0,1,0,0,0,1,0,1,0,2,0,1,2,2,0,0,1,0,0,0,2,0,0,0,1,1,0,0,0,0,1,0,0,1,0,0,0,0,3,0,1,0,0,0,0,0,0,1,2,0,0,0,0,2,2,1,0,0,0,0,0,0,0,0,0,0,0,1,0,0,1,1,0,0,1,0,0,0,1,2,0,1,1,1,0,0,1,0,3,0,0,0,0,0,0,1,0,1,1,1,2,1,0,1,0,1,0,0,1,0,0,0,0,0,0,1,0,1,0,1,0,0,0,0,0,0,0,1,1,0,0,1,0,0,0,0,1,1,2,0,0,0,1,0,0,2,0,0,0,1,0,0,0,0,0,0,0,0,0,0,0,0,1,1,0,1,1,0,1,0,0,0,0,0,0,0,1,1,0,0,0,0,0,0,0,0,0,0,0,0,0,0,2,0,0,1,0,0,1,1,0,0,0,0,0,0,0,0,0,0,0,0,0,0,0,0,0,1,0,0,0,0,0,1,1,0,0,1,0,0,3,1,1,0,0,0,0,1,1,0,0,0,0,1,0,0,0,0,0,0,0,2,1,2,0,0,1,1,0,3,1,0,0,0,1,0,0,3,0,0,0,0,0,0,0,0,0,1,0,0,0,0,0,0,1,0,0,0,1,0,0,0,0,1,0,0,0,0,0,0,0,0,0,1,0,0,0,0,0,0,0,0,0,1,1,0,0,0,0,0,1,0,0,0,0,0,0,0,0,0,0
1374644357806,0,1,1,3,1,0,0,0,0,1,0,1,0,0,1,2,4,0,4,0,0,1,1,2,4,1,1,1,0,0,1,2,3,0,0,1,3,2,1,2,0,0,2,1,0,3,2,0,0,3,2,1,1,2,1,0,1,0,1,1,2,0,0,1,0,1,3,2,0,0,3,1,2,0,1,0,0,3,0,1,2,1,0,1,0,0,0,0,0,0,3,1,1,3,2,0,0,3,2,1,0,3,0,0,0,0,0,0,2,0,0,0,2,1,1,1,0,0,0,0,0,1,1,0,0,0,2,2,2,4,0,0,0,4,0,2,0,0,0,2,1,0,1,1,0,0,0,0,0,0,0,0,0,2,0,2,1,1,0,0,1,0,1,3,0,0,1,2,0,1,4,1,0,0,1,1,0,1,1,1,0,1,0,1,1,4,1,1,1,2,2,0,0,0,4,1,1,2,6,0,0,2,0,2,5,0,0,0,0,0,1,1,0,1,0,1,0,1,0,0,0,1,2,0,2,3,0,0,0,3,4,0,0,0,0,0,0,0,0,0,1,0,0,0,1,2,1,0,0,2,4,1,1,2,0,0,2,2,0,2,0,1,0,1,3,1,0,0,0,2,3,1,2,0,0,0,3,0,0,1,1,0,0,0,1,2,1,1,0,1,1,0,0,4,0,0,0,0,0,0,1,0,0,2,2,0,2,0,0,0,1,2,0,0,3,0,0,1,2,0,1,1,0,0,1,1,1,0,0,2,0,1,0,1,0,0,2,1,0,0,1,0,0,0,2,1,0,1,0,1,0,1,0,0,0,0,0
9366403560281,1,3,0,0,0,0,0,2,0,0,1,0,0,0,0,0,0,2,0,1,0,2,1,1,0,0,0,0,0,0,0,1,0,0,0,3,1,0,1,2,0,0,0,1,0,1,3,1,0,2,0,1,0,0,0,0,0,0,0,0,0,0,0,3,0,0,0,2,0,0,1,3,1,1,1,0,1,2,0,1,1,1,0,2,0,0,0,1,0,0,1,1,3,0,0,0,0,2,3,1,0,2,0,0,0,1,1,0,1,0,0,2,1,1,2,0,1,0,0,0,3,1,1,0,0,2,1,0,0,0,0,0,0,1,0,2,1,1,0,0,2,1,3,1,0,0,0,0,0,0,0,0,0,0,0,2,2,0,0,0,0,2,1,2,2,0,0,2,2,1,0,1,0,0,0,3,0,0,0,0,0,0,0,0,0,1,0,0,3,0,1,0,0,0,0,0,0,0,1,0,0,1,0,0,1,0,0,0,0,0,1,0,0,0,0,2,1,1,0,0,0,3,0,1,1,4,0,0,0,1,1,0,2,0,0,0,0,0,0,0,0,0,1,2,0,1,0,0,0,0,0,0,0,0,0,0,0,1,1,0,0,0,1,0,2,0,0,0,0,0,1,2,1,0,0,0,1,1,0,0,1,0,0,3,2,0,1,0,0,0,0,0,0,1,0,0,0,0,0,0,1,0,0,1,0,0,0,0,0,0,0,1,1,2,0,0,0,1,1,1,2,1,0,0,1,0,0,0,0,0,0,1,0,2,0,0,1,2,1,0,0,0,0,1,0,1,2,0,0,1,0,0,0,0,0,0,0
9341222702392,0,2,1,2,0,0,0,0,0,2,1,3,0,2,3,1,2,0,0,0,0,1,1,0,2,0,0,0,1,0,0,0,0,0,0,1,0,1,2,2,0,0,2,0,0,0,0,0,0,3,2,0,0,0,0,0,0,1,0,0,2,0,0,2,1,2,2,0,0,0,1,0,1,2,1,0,0,2,0,3,0,1,0,1,0,1,0,1,0,0,0,2,2,1,1,0,1,1,1,1,0,4,0,1,2,0,1,0,1,0,0,1,2,3,0,0,1,0,0,0,2,0,2,0,0,0,0,3,0,1,0,0,0,1,0,1,1,0,0,1,0,0,0,3,0,0,0,0,0,0,0,0,0,0,1,2,1,0,0,0,2,1,2,2,1,0,0,2,1,0,0,2,0,1,0,1,0,0,0,0,0,0,1,0,0,2,0,1,2,0,1,0,0,0,2,1,2,3,2,0,0,1,1,1,2,0,0,0,0,0,0,1,0,0,0,1,1,1,0,0,0,2,1,0,3,0,1,0,1,3,0,0,2,0,0,0,0,0,1,0,0,0,1,0,1,0,2,0,0,0,0,1,2,1,2,2,1,2,0,0,0,0,0,2,4,0,0,0,0,0,1,2,1,0,0,1,0,2,3,1,1,0,0,0,1,1,0,0,0,4,1,1,2,2,0,0,0,0,0,0,2,0,0,1,0,2,0,0,0,0,2,1,2,1,0,0,0,0,0,0,0,1,0,0,1,0,2,0,0,3,0,0,2,0,0,0,0,3,0,2,1,0,0,1,0,0,4,3,0,2,2,1,0,0,0,0,0
5723787941699,1,1,0,1,0,0,0,2,0,2,1,1,0,1,0,0,0,0,1,0,0,2,0,1,0,0,0,0,0,0,0,6,1,0,1,2,0,0,0,2,1,0,1,0,0,2,0,0,0,2,0,0,1,1,0,0,0,0,0,0,0,0,0,1,2,2,3,1,1,0,3,0,0,1,2,0,0,1,0,0,1,4,0,1,0,0,0,0,0,0,0,1,2,3,2,0,0,2,1,0,0,0,0,0,2,1,6,1,0,0,0,0,0,1,0,0,0,0,0,0,0,0,0,0,1,1,3,1,1,2,1,0,1,0,1,1,1,0,0,1,3,1,1,2,0,0,0,0,0,0,0,0,0,0,2,1,2,1,0,0,3,1,2,2,0,0,0,2,0,0,0,2,0,1,1,0,0,1,0,0,0,0,1,0,1,1,0,1,1,1,0,2,0,0,1,0,1,1,0,0,0,3,1,1,1,0,0,0,0,0,0,1,0,0,0,3,1,0,2,0,0,0,0,0,0,0,0,1,0,2,1,1,0,0,0,0,0,0,0,0,0,0,0,1,0,1,0,0,0,1,0,4,0,0,0,0,0,1,1,0,0,0,0,0,1,1,0,0,0,0,0,1,0,0,0,1,0,1,2,0,0,0,0,0,1,1,0,0,0,0,3,1,3,1,0,0,0,0,0,0,2,0,1,0,0,0,1,0,0,0,2,0,1,1,2,0,0,2,1,0,2,0,1,0,0,0,0,0,0,1,2,0,3,1,0,1,5,0,0,0,0,0,0,0,0,0,2,2,1,0,1,0,0,0,0,0,0
4799124724315,1,0,1,1,0,0,0,0,1,1,0,3,0,0,0,2,1,3,1,0,0,0,0,2,2,0,0,0,0,0,1,0,0,0,0,0,3,0,0,2,0,1,0,1,0,1,0,0,0,0,1,0,0,1,0,0,0,0,0,0,1,0,0,1,2,0,1,1,0,0,1,1,0,1,0,0,0,2,0,0,0,0,0,1,0,1,0,2,0,1,1,1,0,0,4,0,0,1,0,0,2,1,0,1,3,1,1,2,0,1,0,0,0,0,2,0,0,0,0,0,1,3,3,0,0,0,3,1,0,0,0,0,0,0,1,0,2,0,0,1,2,0,0,3,0,0,0,0,0,1,0,0,0,1,0,0,0,2,2,0,1,0,0,1,0,0,0,1,1,2,2,0,1,0,0,1,0,0,0,0,0,1,2,0,0,1,0,2,2,1,1,2,0,1,1,3,1,0,1,0,0,1,0,0,0,0,1,0,0,0,0,0,0,0,0,1,1,1,1,0,0,1,1,0,0,0,0,0,1,1,4,1,2,0,0,0,0,0,0,0,0,0,1,1,0,0,1,0,0,1,0,1,0,0,0,0,1,1,0,2,0,0,1,0,0,1,0,0,0,1,1,1,1,0,0,2,0,1,1,1,0,0,1,2,0,0,0,0,0,0,0,1,2,2,0,0,0,0,0,0,0,0,0,1,0,0,1,1,0,0,1,2,1,0,0,0,0,1,1,2,1,0,0,0,2,1,0,0,0,0,0,0,2,0,0,0,1,1,0,0,2,0,0,1,0,0,0,1,1,0,0,1,0,0,0,0,0
4243802214885,1,0,1,1,0,0,0,1,0,1,2,1,0,1,0,1,0,1,2,0,0,1,1,2,4,0,0,0,1,0,0,3,4,0,0,3,2,2,3,2,0,0,1,3,0,1,1,0,0,0,3,2,3,0,1,0,0,1,0,0,2,0,0,0,0,4,2,3,0,0,1,0,0,1,2,0,0,0,2,1,1,0,0,2,0,0,0,0,0,0,0,0,1,2,2,0,0,2,0,0,2,2,0,0,3,1,2,1,1,0,0,1,1,1,1,0,0,0,0,0,2,2,1,0,0,1,1,1,1,0,1,0,0,1,3,1,0,0,0,1,0,4,1,0,0,1,0,1,0,0,0,0,0,1,1,0,4,1,0,0,1,3,2,0,2,0,0,2,1,1,1,2,0,0,1,1,0,0,0,0,0,3,1,4,1,0,0,3,3,1,1,1,0,0,1,0,2,0,0,0,0,1,0,1,1,0,0,0,1,0,1,4,1,0,1,0,1,2,4,1,1,0,1,1,1,0,0,0,1,2,1,2,3,0,0,0,0,0,0,0,0,0,1,0,0,0,2,0,0,0,1,2,0,2,0,1,4,2,0,1,0,0,0,1,4,0,0,0,0,0,0,1,3,0,0,2,0,1,1,2,0,0,0,0,0,0,1,0,0,1,1,1,2,0,2,0,0,0,0,0,0,0,0,0,0,0,0,0,0,0,3,1,0,1,0,0,0,1,0,1,1,1,0,0,0,0,0,0,0,0,0,0,0,0,0,0,0,2,1,2,0,0,0,4,1,2,0,1,1,2,0,0,0,0,0,0,0
5334981206381,3,1,3,1,2,0,0,1,2,0,0,1,1,0,1,0,0,3,1,0,1,0,2,1,1,0,0,0,0,0,0,1,0,0,0,1,1,0,0,1,1,0,0,1,2,2,0,0,0,2,1,1,1,0,0,0,1,1,0,0,2,0,0,3,3,0,1,2,0,0,1,1,1,0,2,0,0,0,0,1,2,1,0,2,0,0,0,0,0,0,1,1,2,2,2,0,0,1,4,6,1,0,0,0,0,0,2,1,1,0,0,1,1,1,0,0,0,0,0,0,2,1,3,0,0,1,2,2,2,0,0,0,1,3,0,1,2,0,0,2,0,0,1,1,0,0,0,0,0,0,0,0,1,0,2,2,1,2,0,1,0,2,0,0,0,0,0,3,1,2,3,3,0,0,2,1,0,0,0,0,0,1,1,2,3,3,0,1,3,1,2,2,0,0,3,0,1,1,1,0,0,3,2,1,1,0,0,0,0,0,0,3,0,0,0,2,1,0,0,0,0,5,3,0,1,1,0,0,0,2,3,0,2,0,1,0,0,0,0,1,0,2,0,1,0,2,0,0,1,2,1,0,1,2,0,1,2,0,3,1,0,2,0,0,2,0,1,0,0,1,2,0,1,0,0,2,1,1,3,1,1,0,1,1,1,0,1,0,0,2,3,0,1,1,0,0,0,0,0,1,3,0,1,1,0,0,0,0,1,0,4,1,1,3,0,0,0,3,1,0,0,0,1,0,1,0,0,0,1,0,0,0,1,2,0,0,1,0,0,1,2,0,0,0,1,3,2,1,1,1,1,1,0,0,0,0,0
6079913241894,0,0,0,1,0,0,0,1,0,6,1,3,0,0,2,3,2,0,1,0,0,1,0,2,1,0,0,1,0,0,0,1,1,0,0,2,2,0,0,1,0,0,1,2,1,1,1,0,0,2,0,0,0,0,0,0,0,1,0,0,1,0,0,3,1,0,0,2,0,0,2,3,2,0,2,0,0,1,1,0,0,2,1,3,0,0,0,0,0,0,1,1,0,0,0,0,0,1,4,0,1,1,0,0,0,1,3,0,3,0,0,2,1,0,2,0,0,0,0,0,1,2,1,0,0,3,1,1,0,1,0,0,0,2,1,2,0,0,0,0,3,2,3,2,0,1,0,0,0,0,0,0,1,0,1,1,2,1,0,0,0,0,1,1,0,0,0,1,1,1,1,1,0,0,1,1,0,0,0,1,0,2,2,5,1,2,0,1,1,0,0,1,0,0,0,0,1,1,2,0,0,0,1,1,0,1,1,0,1,0,2,5,0,0,1,1,1,2,0,0,0,4,0,0,0,0,0,0,2,1,3,0,0,0,0,0,0,0,1,0,0,0,2,2,4,1,2,0,0,1,2,1,1,4,0,1,1,1,2,3,0,0,0,2,1,0,0,0,0,0,0,2,2,0,0,1,1,1,0,4,0,0,1,0,0,1,1,0,0,0,4,1,0,1,0,0,0,0,0,0,1,0,0,1,0,1,2,0,0,0,1,1,0,0,1,1,0,1,0,3,0,1,0,0,0,0,0,0,0,2,1,1,2,0,0,0,1,0,0,1,1,0,0,2,0,1,2,1,2,1,0,0,0,1,0,0,0
2676489428461,0,0,0,0,0,0,0,1,0,1,0,0,0,0,1,1,2,2,0,0,0,3,1,1,7,0,0,0,0,0,0,1,1,0,0,0,1,0,1,0,0,0,0,2,0,3,1,0,0,1,1,2,0,1,0,0,0,0,0,1,1,0,1,1,0,0,2,3,0,0,1,1,2,0,1,0,0,1,0,1,0,1,0,2,0,0,0,0,0,0,1,0,1,0,0,0,0,0,0,0,0,3,0,0,3,0,0,1,0,0,0,0,0,2,3,0,1,0,0,0,2,2,0,0,0,4,1,0,2,0,0,0,1,0,0,3,0,0,0,1,2,1,0,0,0,0,0,0,0,0,0,0,0,0,1,1,0,1,1,0,0,1,0,1,1,0,0,2,1,0,2,3,0,0,2,3,0,0,0,0,0,0,2,1,3,1,0,1,1,0,0,0,0,0,2,0,0,0,0,0,0,1,1,2,0,1,0,0,0,0,0,1,0,0,1,2,0,1,1,0,0,1,3,0,1,2,0,0,1,4,1,3,2,0,0,0,0,0,0,0,0,0,2,1,1,0,1,0,0,1,1,0,1,1,0,1,1,1,1,0,0,0,0,0,1,0,0,0,0,1,1,1,1,0,0,0,1,0,2,2,0,0,2,0,0,1,3,1,0,0,0,0,2,0,0,0,0,0,0,0,0,0,0,0,0,0,2,0,0,0,0,2,0,0,2,0,0,0,2,0,0,0,0,0,1,0,0,0,0,0,0,0,1,0,1,0,0,0,0,0,1,0,0,2,0,0,0,0,0,0,3,1,0,0,2,0,0
7118631998839,0,0,0,2,0,0,0,2,0,4,0,1,0,0,1,0,3,1,1,0,0,0,1,2,1,0,0,0,1,0,0,0,0,0,0,2,1,1,1,2,1,0,0,1,2,1,0,0,0,1,2,1,2,2,0,0,0,0,0,1,2,0,1,0,0,0,1,1,0,0,2,0,0,0,3,0,0,3,1,0,2,1,0,5,0,0,0,0,0,0,1,2,1,0,0,0,0,0,0,1,3,2,0,0,0,1,0,0,1,0,0,1,1,2,4,0,1,0,0,0,0,0,0,0,0,5,1,0,0,0,0,0,1,2,0,1,1,0,0,0,1,0,2,0,0,1,0,0,0,1,0,0,0,0,1,1,1,1,1,0,1,1,1,0,0,0,0,2,2,0,2,0,0,0,2,0,0,0,0,0,0,2,2,1,2,0,0,0,1,1,0,0,0,0,1,0,0,1,1,0,0,2,1,1,2,1,0,0,0,0,2,1,0,0,3,0,1,2,0,0,0,1,0,1,0,1,0,0,1,0,0,2,1,0,0,0,0,0,1,0,0,0,2,1,1,0,1,0,0,2,2,2,1,0,0,1,1,1,0,0,0,0,0,1,1,0,0,0,0,0,0,0,1,2,0,5,0,1,3,2,0,0,0,1,3,0,1,2,0,0,0,1,1,1,0,0,0,0,0,0,1,0,0,1,0,1,1,0,0,0,2,0,0,0,1,1,0,1,2,1,0,0,0,0,1,1,1,0,0,1,0,0,0,1,0,0,2,2,0,1,3,0,0,1,0,1,0,1,0,0,2,0,0,0,0,0,0
3000161243260,0,1,1,1,1,0,0,2,2,2,0,0,0,0,0,0,2,0,0,0,0,1,1,0,1,0,0,0,0,0,0,2,1,0,0,1,0,0,1,1,0,0,3,1,1,1,2,1,0,0,2,0,1,1,0,0,0,0,0,0,3,1,0,1,1,0,1,1,0,0,1,1,2,0,0,0,0,3,2,0,2,1,0,2,0,0,0,0,0,0,0,1,0,2,0,0,0,0,1,0,1,1,0,0,0,1,0,2,0,0,0,1,0,0,3,0,0,0,0,0,2,2,1,0,0,1,1,1,1,0,0,0,0,1,0,3,1,0,1,1,0,0,2,0,0,0,0,0,0,0,0,0,0,0,0,0,0,0,0,0,3,0,0,0,1,0,0,1,0,0,1,3,0,0,1,0,0,0,0,0,0,1,1,3,2,1,0,1,3,0,1,0,0,0,1,0,1,0,1,0,0,2,1,1,1,0,0,0,0,0,0,1,0,0,0,0,0,1,2,0,0,1,0,1,2,1,0,0,0,0,1,0,1,0,0,0,0,0,0,0,0,0,1,0,0,2,1,0,0,0,2,0,0,0,0,1,1,0,1,4,0,2,0,1,0,0,0,0,0,1,3,2,1,0,0,1,2,0,0,1,0,0,1,0,0,0,0,0,0,0,0,0,0,0,0,1,0,0,0,0,0,0,0,0,0,0,0,0,0,0,2,0,1,2,0,0,0,0,1,0,0,0,0,0,0,0,1,0,0,0,0,0,0,1,0,0,0,0,1,0,1,0,0,0,0,0,2,2,0,0,0,0,0,0,0,0,1
8493556002921,4,2,0,2,0,0,0,3,1,2,1,0,1,0,1,1,1,2,0,0,0,0,0,2,1,1,0,0,0,0,0,2,1,0,0,2,3,3,2,1,1,0,0,1,1,6,2,0,0,2,1,0,1,1,0,0,0,0,0,0,1,0,0,0,2,3,2,3,0,1,0,0,1,1,1,0,1,2,0,3,0,1,0,0,0,0,0,0,0,1,2,0,2,2,1,0,1,1,3,1,3,2,0,0,1,1,2,1,0,0,1,0,3,2,2,1,0,0,0,0,0,3,2,0,0,0,2,1,2,1,0,2,2,2,2,2,0,0,0,4,4,1,1,0,0,0,0,0,0,0,0,0,1,0,3,1,1,1,0,1,0,2,1,1,0,0,0,1,1,1,0,1,0,1,5,1,0,0,0,0,0,1,1,1,0,0,0,0,1,2,0,1,0,0,3,1,2,1,0,0,0,3,2,0,2,0,0,0,0,0,0,0,0,2,4,1,2,0,1,0,0,1,1,1,0,1,0,0,0,3,3,2,1,0,0,0,1,0,0,0,0,0,0,1,0,2,0,0,0,2,1,3,0,2,0,0,0,1,0,2,0,0,2,2,0,0,0,0,0,3,1,0,1,0,0,2,0,1,0,1,0,0,1,1,2,2,0,0,0,1,0,0,0,0,0,0,0,0,0,0,0,0,0,1,2,1,1,3,0,0,2,0,0,1,1,1,0,3,2,0,0,0,0,0,4,1,0,0,0,0,1,0,0,3,0,0,1,0,0,1,1,0,0,0,1,0,1,0,0,1,1,2,0,0,0,1,0
9099746266551,0,1,5,6,1,0,0,1,0,1,2,1,0,0,0,3,2,0,1,1,0,1,1,2,1,0,0,1,1,0,0,0,0,0,1,0,0,1,1,2,0,0,3,2,0,5,0,0,1,1,0,2,0,0,0,0,1,0,0,0,2,0,0,1,1,2,0,2,0,0,1,2,0,1,2,1,0,0,1,1,0,0,0,0,0,0,0,0,0,1,1,1,2,1,1,0,0,3,0,1,2,3,0,1,1,2,0,0,2,1,0,1,0,0,1,0,0,0,0,0,1,0,3,1,1,3,3,1,3,1,0,0,2,2,1,0,0,0,0,1,1,0,2,1,1,0,0,0,0,1,0,0,1,1,2,0,1,1,0,0,2,1,3,1,0,0,1,2,0,0,2,0,0,0,1,0,0,0,0,0,0,2,1,5,3,0,0,1,2,1,0,1,0,0,0,0,1,1,1,0,2,1,0,3,1,0,0,0,1,1,1,1,1,1,0,1,1,1,0,0,0,1,0,0,1,1,0,0,1,4,2,2,2,0,0,0,0,0,0,0,0,0,0,2,1,1,0,0,0,2,1,2,1,1,0,1,0,1,1,1,0,0,1,1,1,0,1,0,0,5,3,0,2,0,0,3,0,1,4,0,0,1,0,2,1,0,3,0,0,1,0,0,0,3,0,0,0,0,0,0,6,0,0,2,0,0,1,0,0,0,1,3,2,0,1,0,0,1,1,0,1,1,0,0,0,2,1,0,0,0,0,0,2,1,0,0,0,0,1,0,3,0,0,1,0,1,2,1,0,0,1,0,0,0,0,0,0
7009664627837,2,0,1,3,1,0,0,0,1,3,2,0,2,1,0,1,0,1,1,0,0,1,0,0,1,0,0,0,0,0,0,0,1,0,0,2,7,3,1,0,0,0,3,3,2,4,1,0,0,1,2,1,1,0,0,0,0,1,1,0,0,0,0,0,3,3,2,2,0,0,2,1,1,0,1,0,1,1,4,3,3,1,1,2,0,0,0,0,0,0,1,4,3,4,2,1,0,0,4,3,2,5,0,0,2,0,1,2,2,1,1,0,1,3,2,1,0,0,0,0,1,5,4,0,1,2,0,1,4,1,0,0,2,3,1,4,2,0,0,2,5,5,3,0,0,0,0,0,2,1,0,0,0,4,2,4,3,2,0,0,2,1,2,3,1,1,0,3,2,3,6,1,0,0,2,5,0,0,0,0,0,2,1,2,1,3,0,5,1,0,4,1,0,0,3,2,2,2,0,0,0,3,1,4,2,1,0,0,0,0,3,2,0,1,3,1,1,2,2,0,1,1,3,2,1,3,0,0,3,1,1,1,6,1,0,0,0,0,0,0,0,0,2,1,2,1,0,0,0,0,2,2,0,1,1,1,2,0,4,2,0,1,1,2,2,0,0,1,0,1,1,2,0,0,1,3,1,2,0,0,0,0,1,1,0,1,0,0,0,3,3,1,2,4,1,0,0,0,0,0,1,0,1,1,0,0,0,1,0,0,1,2,0,1,2,0,0,0,1,1,2,2,0,1,1,1,1,0,0,0,1,3,0,2,0,1,3,0,2,1,1,0,0,3,0,1,4,0,0,1,2,1,0,0,0,0,0
8562587170545,4,1,0,0,2,0,0,0,0,2,1,3,0,0,0,0,0,2,0,0,0,1,1,1,0,0,0,0,0,0,0,1,0,0,0,0,0,0,1,3,1,0,0,1,0,2,0,0,0,0,0,1,2,0,0,0,0,0,0,0,2,0,0,1,2,2,0,1,0,0,0,0,1,1,0,0,1,1,0,3,1,0,0,0,0,0,0,1,1,0,1,0,0,1,0,0,0,1,1,3,0,1,0,0,0,0,1,1,0,1,0,0,0,1,2,0,0,0,0,0,0,0,3,0,0,2,1,0,0,0,0,0,1,0,1,0,0,0,0,0,0,3,0,0,0,0,1,0,0,0,0,0,0,0,0,2,2,0,0,0,0,0,0,0,1,0,0,0,0,1,0,0,0,0,0,0,0,0,0,0,0,0,2,0,1,1,0,0,0,0,0,1,0,0,0,0,1,0,0,0,0,1,1,0,1,0,0,0,0,0,1,0,0,0,1,1,1,2,0,0,0,1,1,0,1,0,0,1,0,2,2,1,1,0,0,0,0,0,0,0,0,0,0,0,0,0,0,0,0,1,1,0,0,0,0,0,0,0,2,2,1,0,0,0,0,0,0,0,0,0,1,2,2,0,0,0,2,0,0,2,0,0,0,1,0,0,1,0,0,1,0,1,0,0,0,0,0,0,0,0,0,0,0,2,0,0,0,0,0,0,0,0,0,0,0,0,0,1,0,2,1,0,0,0,0,0,0,0,0,0,0,0,1,1,0,0,1,1,1,0,0,0,0,2,0,1,0,3,0,1,1,0,0,0,0,0,0
4852979716602,3,0,1,1,2,0,0,3,1,3,2,2,0,0,0,0,1,1,3,0,0,2,1,4,2,0,0,0,0,0,0,1,1,0,1,2,1,2,1,4,1,0,5,2,1,0,0,0,0,2,3,1,3,0,0,0,0,0,0,0,2,0,0,1,2,0,2,2,0,1,1,1,1,2,1,0,0,1,2,3,1,1,1,1,0,0,1,0,0,0,1,0,1,3,1,0,0,1,4,1,2,1,0,0,0,2,1,0,1,2,0,0,1,2,1,0,1,0,0,0,2,1,0,0,0,2,0,1,1,2,0,0,1,2,1,1,1,0,0,0,2,2,1,0,0,1,0,0,0,0,0,0,1,2,1,3,1,0,1,0,2,3,3,2,0,0,2,1,2,0,2,1,1,0,1,3,0,0,0,0,0,1,2,3,0,3,0,0,1,0,0,0,0,0,1,3,1,0,2,1,0,4,0,0,3,0,0,0,0,0,3,3,0,0,0,0,4,2,1,0,0,1,2,1,1,0,1,0,1,1,1,0,0,0,0,0,0,0,0,0,0,0,3,0,1,0,2,0,0,0,2,1,2,3,0,0,2,0,2,0,0,0,0,5,3,0,0,0,0,0,0,2,2,0,0,0,1,1,1,2,0,0,1,1,1,0,1,0,0,0,1,1,1,1,0,0,1,0,0,0,0,1,0,3,1,2,2,0,1,0,2,1,0,1,1,1,0,1,3,2,4,0,1,0,1,0,0,0,0,0,0,0,0,1,0,0,2,1,1,1,2,0,0,2,0,1,2,0,0,0,4,1,0,0,0,0,0
2081796341037,1,1,1,3,2,0,0,1,2,1,2,2,0,0,1,2,1,3,2,0,0,0,1,3,1,0,0,0,0,0,0,1,2,0,0,0,2,2,0,2,0,0,0,1,0,0,1,0,0,0,1,3,1,1,0,0,0,0,0,0,0,0,0,1,3,4,1,0,0,0,1,2,1,1,1,0,1,2,2,0,0,1,0,1,0,0,0,0,1,0,0,0,0,2,3,0,0,1,0,0,0,0,0,0,3,0,1,0,0,1,0,1,1,0,0,0,0,0,1,0,2,2,0,0,0,1,2,2,1,0,0,1,1,1,0,2,0,0,0,2,2,0,2,0,0,0,0,0,0,0,0,0,0,1,2,0,0,2,0,0,2,1,0,0,0,0,0,2,1,2,1,4,0,0,1,1,0,1,0,0,0,0,1,1,2,2,1,1,0,0,2,1,0,0,0,0,1,1,0,0,1,1,2,1,0,0,0,0,0,0,0,0,0,0,1,3,0,0,0,0,0,1,1,0,0,0,0,0,1,0,1,1,0,0,2,0,0,0,0,0,0,0,0,0,0,1,2,0,0,1,1,0,2,1,0,1,0,0,0,0,0,0,0,0,3,0,0,0,0,0,1,0,1,0,0,1,0,2,1,1,0,0,1,1,1,0,1,0,0,0,1,1,3,2,0,0,0,0,0,0,0,0,0,0,0,1,1,0,0,1,2,0,0,1,1,0,0,1,0,0,0,0,0,0,1,0,0,0,0,0,2,0,1,1,0,0,0,2,0,0,2,0,0,0,1,1,1,0,0,0,0,0,0,0,0,0,0
7784851719923,2,0,0,5,1,0,0,3,0,6,0,3,0,0,2,5,3,2,2,0,0,3,2,1,1,0,0,0,0,0,0,3,0,0,0,2,0,2,1,4,0,0,0,0,1,1,2,0,0,2,3,1,3,2,0,0,0,0,0,0,0,0,0,2,5,1,0,3,0,0,2,1,4,0,1,0,1,0,2,3,3,1,0,1,0,1,0,1,1,0,0,0,1,2,0,0,0,0,1,2,1,0,0,0,2,1,2,1,1,0,1,2,0,2,1,1,0,0,0,0,3,0,0,0,0,2,1,2,1,2,0,0,0,2,0,2,1,0,0,1,2,3,0,0,0,1,0,0,0,0,0,0,0,3,0,0,1,1,0,0,1,1,3,2,2,0,0,2,2,0,2,3,0,0,0,1,0,0,0,0,0,4,4,4,2,2,0,1,4,0,3,0,0,0,0,0,0,2,0,0,1,1,1,2,3,0,0,0,0,0,0,2,0,0,4,1,0,1,0,0,0,1,2,0,1,0,0,0,0,2,1,0,1,0,1,0,1,1,0,0,0,0,3,1,0,2,1,0,0,2,0,0,2,1,0,0,1,0,0,0,0,0,0,0,1,0,0,0,0,0,2,3,0,0,0,2,1,1,2,0,0,0,2,3,0,3,0,0,0,0,2,1,1,1,0,0,0,0,0,0,0,1,0,1,0,0,0,2,1,0,2,1,1,0,1,0,0,1,3,0,1,0,1,0,0,0,0,0,0,2,0,0,0,0,0,0,0,1,0,1,3,1,1,1,0,0,1,1,0,0,1,1,0,0,0,0,0
1530281751828,1,1,1,1,0,0,0,2,0,1,0,4,0,0,2,1,2,1,1,0,0,6,2,2,2,0,0,0,0,0,0,2,3,0,0,1,0,2,2,1,1,0,4,1,2,2,0,1,0,3,1,2,2,1,0,0,0,1,0,0,0,0,0,2,1,2,2,0,1,0,0,0,3,1,2,0,0,1,2,2,0,2,0,1,0,1,0,0,0,0,0,1,0,0,1,0,0,1,2,1,0,3,0,1,0,0,1,1,6,0,0,1,3,1,1,0,1,0,0,0,1,4,1,0,2,3,0,2,1,1,0,0,0,1,1,4,3,0,0,2,0,1,2,0,0,0,0,0,0,0,0,0,1,2,2,3,3,1,1,0,0,0,2,0,1,0,0,3,0,3,0,4,0,0,0,2,0,0,1,0,0,1,0,2,4,0,0,3,2,0,0,2,0,0,1,0,0,1,2,0,0,1,1,1,2,0,0,0,0,0,1,0,0,1,4,3,1,4,0,0,0,2,2,2,0,0,1,0,1,1,4,1,1,0,0,0,0,0,1,0,0,0,1,3,1,0,3,0,0,0,0,0,1,0,0,5,1,2,3,3,0,0,1,1,2,0,0,0,0,0,3,0,1,0,0,2,1,1,1,1,0,1,0,0,2,3,2,0,0,1,1,2,1,2,0,1,0,0,0,0,0,0,0,1,2,1,1,0,0,0,1,4,0,3,3,0,0,2,1,3,0,1,0,0,0,0,0,0,0,0,2,0,1,1,0,1,1,0,1,0,1,0,0,1,0,1,2,1,0,0,1,1,0,0,0,1,0
2764870889303,2,1,3,0,2,2,0,2,1,1,2,4,0,0,2,1,2,4,1,2,0,4,1,1,1,0,0,0,0,0,0,1,2,0,1,0,6,1,3,1,1,0,2,2,0,1,3,1,0,1,0,0,1,1,0,0,0,1,0,0,1,0,0,1,1,2,2,1,0,0,0,2,0,1,4,0,0,0,0,2,2,0,0,2,0,0,0,1,0,0,3,2,2,4,0,0,0,2,4,2,1,1,0,1,2,1,2,0,3,1,0,0,1,2,1,0,3,0,0,0,1,1,0,0,2,2,2,1,4,3,0,0,3,2,1,1,3,0,0,0,0,2,2,0,0,0,0,0,0,0,0,0,0,0,1,0,1,3,0,0,3,2,3,0,2,0,0,0,2,1,2,3,0,0,3,1,0,0,0,0,0,2,0,6,1,1,0,1,2,1,0,1,0,0,3,0,1,2,2,0,0,0,1,1,1,0,0,0,0,0,1,2,0,1,1,0,2,1,1,0,0,3,1,1,0,1,0,0,1,1,0,0,0,0,1,0,0,0,0,1,0,0,1,1,2,1,0,0,0,0,1,0,4,2,0,1,0,0,1,1,0,0,1,1,3,1,0,0,0,2,2,0,2,0,0,2,0,1,1,1,0,1,3,1,1,0,1,0,0,0,0,0,0,1,0,0,0,0,0,0,1,0,0,1,1,0,1,1,0,0,1,0,2,2,0,0,0,0,1,1,0,1,1,0,1,0,0,0,0,0,1,0,0,0,0,0,2,2,0,1,0,0,0,1,0,1,1,0,0,0,1,0,0,0,0,1,0
2974785865598,0,2,0,2,1,0,0,2,1,2,1,2,0,0,0,1,2,3,1,1,0,2,3,2,0,0,0,0,0,0,0,2,3,0,0,0,2,2,1,1,0,0,1,1,0,2,1,0,0,0,0,1,0,0,0,0,0,0,1,1,1,0,0,1,2,2,1,1,0,0,0,0,0,1,1,0,1,1,0,4,0,1,0,1,0,0,0,0,0,0,2,0,0,1,2,0,0,0,1,0,0,0,0,0,2,2,1,1,0,0,0,1,0,1,2,0,0,0,0,0,0,1,2,0,1,1,2,0,2,1,0,0,0,1,2,0,1,0,0,0,1,1,3,2,0,0,0,0,0,1,0,0,0,0,1,1,1,0,0,0,0,0,1,2,2,0,0,4,0,0,0,1,0,0,0,0,1,0,0,0,0,1,0,0,1,2,0,0,0,1,2,4,0,0,2,0,0,1,3,0,0,2,0,1,0,0,0,0,0,0,1,1,0,0,0,5,1,1,2,0,0,0,0,0,0,1,0,0,0,0,0,0,1,0,1,0,0,0,1,0,0,0,1,0,0,1,1,0,0,0,1,0,0,2,1,0,0,3,4,2,0,0,1,2,1,0,0,0,0,1,0,2,1,0,0,2,0,1,1,1,1,0,0,1,1,0,1,0,0,0,3,1,1,0,0,0,0,0,1,0,0,0,0,0,1,0,1,0,0,1,1,1,0,1,0,0,0,0,0,0,0,1,0,0,1,1,0,0,0,1,0,0,0,3,0,0,0,1,1,0,0,0,0,2,0,1,2,2,0,2,2,0,1,0,0,0,0
8068700962471,2,0,0,2,3,1,0,4,0,1,0,2,0,0,1,1,4,0,2,0,0,2,0,1,0,0,0,0,0,1,0,3,0,0,0,1,1,2,2,1,0,0,3,3,0,1,2,0,0,0,0,0,0,0,0,0,1,0,0,0,2,0,0,1,0,1,1,0,0,0,1,1,0,0,2,0,0,1,0,1,1,1,0,1,0,0,1,0,0,1,0,0,1,3,0,0,0,0,3,0,2,0,0,1,2,0,2,0,0,1,0,2,0,2,0,0,0,0,0,0,2,0,3,0,0,4,1,2,3,0,0,0,0,0,0,2,1,0,0,0,2,1,1,0,0,0,0,0,0,0,0,0,0,0,1,1,0,2,0,0,1,0,0,1,0,0,0,0,0,0,0,1,0,1,0,1,0,0,1,0,0,0,0,0,0,1,0,1,0,2,1,3,0,0,1,0,2,1,1,0,0,1,1,0,0,0,0,0,0,0,1,0,0,1,1,0,0,2,0,0,0,0,1,0,2,0,0,0,1,3,0,2,0,0,0,0,0,0,1,0,0,0,0,0,0,0,1,0,0,2,0,3,0,1,0,0,1,2,2,1,0,0,0,2,1,0,1,0,0,1,0,1,3,0,0,2,0,1,0,0,0,0,0,2,0,0,2,0,0,1,2,1,1,2,0,0,0,0,0,1,0,0,0,1,0,2,0,0,1,0,1,0,0,1,0,0,0,1,1,2,1,0,0,0,0,0,0,0,0,0,0,1,0,0,0,0,3,1,1,0,2,0,0,0,0,0,1,0,0,1,0,1,0,0,0,0,0
1904792486473,2,0,1,3,2,0,0,1,3,1,0,0,2,0,1,1,1,2,1,1,0,2,0,3,1,0,0,0,0,0,0,4,0,0,1,2,2,3,2,2,0,0,3,0,0,1,3,0,0,0,3,2,0,0,0,0,0,0,0,0,2,0,0,0,2,0,1,1,0,0,1,1,2,0,0,0,0,0,1,2,0,1,0,1,0,0,0,0,0,0,0,2,2,2,0,2,0,0,3,2,0,1,1,0,1,1,0,0,0,0,0,1,0,3,0,0,0,0,0,0,1,0,0,0,0,2,0,1,4,1,1,0,0,1,1,2,1,0,0,0,1,0,2,3,0,0,0,0,0,1,0,0,1,0,1,1,2,0,0,1,2,3,0,0,0,0,0,2,0,0,1,2,0,0,0,2,0,0,0,0,0,1,2,1,0,1,0,2,0,2,1,1,0,0,2,0,0,0,4,0,0,2,2,3,0,1,0,0,0,0,0,1,0,2,1,0,1,3,2,0,0,0,1,1,1,1,0,1,1,1,0,0,0,0,0,0,0,0,0,0,0,0,0,2,4,1,0,0,0,0,0,2,0,3,0,0,1,0,2,1,0,0,0,1,4,0,0,0,0,0,0,1,1,0,0,0,1,0,0,0,0,0,0,1,0,1,1,0,0,1,0,1,1,1,0,0,0,0,1,0,0,0,0,1,0,0,2,0,0,0,0,2,0,0,2,0,1,0,0,0,0,2,0,0,0,0,1,0,0,1,0,0,1,0,0,0,1,0,3,1,3,0,0,0,0,1,1,1,0,3,1,1,0,0,0,0,0
4651387619190,1,1,0,3,1,0,0,1,0,0,1,1,1,1,0,2,2,2,1,0,0,2,0,0,2,0,0,0,0,0,0,0,3,0,0,2,0,1,0,3,0,0,0,1,0,2,0,1,0,1,6,0,0,1,0,0,0,0,0,1,2,0,0,1,0,0,1,2,0,0,0,2,0,1,0,0,0,0,0,0,1,1,0,0,0,0,0,0,0,0,2,1,0,2,0,0,0,0,0,0,2,0,0,0,0,2,0,1,1,1,0,0,0,1,1,1,1,0,0,0,1,2,2,0,0,2,1,2,2,0,0,0,0,2,1,0,3,0,0,1,4,1,0,1,0,1,0,0,0,0,0,0,0,1,1,3,2,2,0,0,2,1,2,1,1,0,0,2,2,0,1,1,0,0,4,2,0,0,0,0,0,0,2,3,2,1,0,0,1,0,1,2,0,0,1,1,0,0,0,0,0,2,2,0,0,0,0,0,0,0,0,0,0,1,1,1,0,2,2,0,0,1,0,0,1,2,0,0,0,0,2,0,0,0,1,0,0,0,1,0,0,0,2,0,1,0,1,0,0,1,1,0,2,1,0,1,0,0,0,1,0,0,0,2,0,0,0,0,0,1,0,0,1,0,0,2,1,0,0,2,1,0,0,0,2,0,0,0,0,0,2,1,0,1,0,0,0,0,0,0,1,0,1,3,1,1,1,0,0,0,3,1,3,0,1,0,0,0,0,0,0,2,0,1,1,0,0,0,0,0,2,0,0,1,0,0,5,0,2,0,3,0,0,1,2,0,0,2,1,0,0,0,0,0,0,0,1
6400454451965,0,1,0,1,1,0,1,0,0,2,0,3,0,0,1,2,5,0,2,0,0,1,0,2,3,0,1,0,0,0,0,2,2,0,0,0,2,2,0,1,0,0,1,1,1,3,1,0,0,0,0,2,1,0,0,0,2,0,0,0,1,0,1,3,0,1,3,1,0,0,1,2,0,1,3,0,1,1,3,0,0,0,0,4,0,0,0,1,0,1,1,0,1,3,1,0,0,2,1,1,0,2,0,0,2,2,1,1,4,0,0,1,1,3,0,1,0,0,0,0,1,1,1,0,0,1,0,0,0,2,0,0,0,0,0,0,0,0,0,0,0,0,1,2,0,0,0,0,0,0,0,0,1,0,1,0,1,2,0,0,0,0,0,2,0,0,0,1,2,1,0,0,0,1,0,2,0,0,0,1,0,0,1,1,0,2,0,1,1,1,0,1,0,0,2,0,1,2,0,0,0,0,1,0,0,0,0,0,0,0,1,0,0,0,1,2,0,0,0,0,0,3,0,0,1,0,0,0,0,0,3,0,0,0,1,0,0,0,1,0,0,0,0,1,2,0,2,0,0,0,1,1,0,0,0,0,1,3,3,0,0,0,0,1,1,1,0,0,0,0,4,1,4,1,0,0,3,0,1,2,0,0,0,0,1,1,0,0,0,1,1,1,0,0,0,0,0,0,0,0,0,0,0,0,0,1,0,0,0,0,1,1,0,0,2,0,0,1,0,1,0,1,0,0,0,0,0,0,0,1,1,1,0,1,1,0,0,0,2,0,2,0,0,1,0,1,1,1,0,1,0,0,0,0,0,0,0
3801660182303,1,2,0,1,0,0,0,3,1,1,0,1,0,0,0,0,1,1,0,0,0,0,0,3,0,0,0,1,0,0,0,3,0,0,0,0,4,3,2,2,1,0,1,2,1,1,0,1,0,0,3,0,1,1,0,0,0,0,0,0,0,0,0,1,1,2,0,0,0,0,1,2,0,1,4,0,0,1,1,2,1,0,0,2,0,0,0,0,0,0,0,1,2,1,1,0,0,3,0,2,0,0,0,0,0,0,1,2,1,0,0,2,1,1,2,0,0,0,0,0,1,1,0,1,1,1,0,0,3,0,0,0,2,1,0,1,2,0,0,0,1,2,2,0,0,0,0,0,0,1,0,0,0,0,3,0,1,0,0,1,1,3,3,0,1,0,0,0,2,2,3,1,0,0,3,1,1,0,1,0,0,3,3,0,0,1,0,0,5,1,1,3,0,0,0,1,4,2,1,0,0,3,0,1,1,0,0,0,0,0,1,0,0,0,1,1,0,2,1,1,0,0,2,2,1,0,0,0,1,0,0,0,1,0,0,0,0,0,0,0,0,0,3,2,0,1,0,0,0,1,4,0,3,2,0,1,5,2,0,1,0,0,0,0,0,0,0,0,0,1,0,1,2,0,0,0,0,1,1,0,0,1,1,1,0,1,1,0,0,0,1,0,3,3,0,0,0,0,0,0,2,0,0,1,2,2,0,0,0,0,0,1,3,3,2,0,0,2,1,0,0,0,1,0,2,0,0,0,0,3,1,4,2,0,1,0,1,1,0,2,1,0,0,1,1,2,1,0,0,3,1,1,0,0,0,1,0
2168494776151,1,1,0,1,1,0,0,0,1,2,2,1,0,1,0,1,3,0,0,0,0,0,2,1,0,0,0,0,0,0,0,3,1,0,0,3,2,1,0,5,0,2,0,1,0,2,0,0,0,1,1,2,0,1,0,0,0,0,0,0,2,0,0,1,5,3,1,2,0,0,2,0,0,0,1,0,0,2,1,2,0,2,0,2,0,0,0,1,0,0,1,0,0,1,3,0,0,0,4,0,0,1,0,0,0,1,2,2,3,0,0,3,1,1,1,0,0,0,0,0,3,0,0,0,1,2,0,2,2,1,0,0,1,6,1,0,0,0,0,2,1,1,2,1,0,0,0,1,0,0,0,0,1,1,3,0,4,0,0,0,1,0,2,0,2,0,0,3,1,0,0,3,0,0,2,2,0,0,0,0,0,3,0,1,2,3,0,2,2,1,0,2,0,0,2,0,2,1,2,0,0,0,1,2,1,0,0,0,0,0,2,1,0,0,2,1,1,1,1,0,0,7,0,1,3,0,0,0,2,3,1,4,2,0,0,0,0,0,0,0,0,0,1,1,0,1,4,0,0,0,1,0,1,2,0,5,1,2,1,0,0,0,0,1,1,0,0,0,0,1,2,0,3,1,0,2,3,2,1,0,0,0,1,0,1,1,0,0,0,1,1,1,1,0,0,0,0,0,0,0,2,0,0,1,0,0,0,0,1,0,2,2,2,3,1,0,0,2,1,1,1,0,0,0,1,0,0,0,1,1,0,0,0,2,0,0,1,0,2,1,0,0,0,3,2,1,3,0,0,1,1,0,0,2,0,0,0
1366803933780,1,0,2,3,1,0,0,1,0,1,0,3,0,0,0,0,4,1,1,0,0,2,0,5,3,0,0,0,1,0,1,0,1,0,0,0,0,1,0,0,0,0,1,0,1,2,1,0,0,0,1,1,1,3,0,0,0,1,0,0,1,0,1,2,2,1,3,2,0,0,0,0,0,0,4,0,0,0,1,2,1,0,0,0,0,0,0,0,1,0,0,4,2,1,1,0,0,0,1,2,0,2,0,0,2,1,0,0,0,0,0,1,3,2,1,0,0,0,0,0,0,1,1,0,0,0,2,1,2,1,0,0,1,1,2,2,1,0,0,3,1,2,2,1,0,0,0,0,1,1,0,0,1,0,0,0,0,0,0,0,0,3,2,3,1,0,0,0,1,1,1,1,0,0,1,1,0,0,0,0,1,2,3,2,1,1,0,2,4,0,1,2,0,0,0,0,1,0,0,0,0,0,3,1,2,0,0,0,0,0,2,4,1,1,1,2,1,0,0,0,0,2,1,0,2,0,0,0,1,1,1,0,1,0,2,0,0,0,0,0,0,0,1,1,2,1,1,1,0,0,2,1,2,0,1,0,0,1,0,0,0,0,0,2,1,1,0,0,0,4,1,0,1,0,0,1,0,0,1,0,0,0,0,4,2,0,2,0,0,0,1,2,1,1,0,0,0,0,0,0,0,0,0,0,1,1,1,0,0,0,2,0,0,2,2,0,0,0,1,1,1,0,0,0,0,0,0,0,0,0,1,0,0,1,0,0,2,1,1,1,2,0,0,3,1,2,3,1,0,0,1,0,0,0,0,0,0
6373646879188,0,0,0,0,0,0,0,1,3,1,0,2,0,0,0,1,0,1,0,0,0,2,0,1,0,0,0,0,0,1,0,0,2,0,0,1,1,0,0,1,0,0,1,0,0,0,0,0,0,1,0,0,0,0,0,0,0,0,0,0,1,0,0,0,0,1,0,3,0,0,2,0,0,1,0,0,0,0,1,0,0,1,0,0,0,0,0,0,0,0,0,1,0,0,0,0,0,1,1,1,2,2,0,0,0,0,0,1,0,0,0,1,0,0,0,1,0,1,0,0,0,0,0,0,0,3,0,0,0,0,0,0,0,0,1,0,1,0,0,0,0,1,0,0,0,0,0,1,0,0,0,0,0,0,0,0,1,0,0,0,1,1,0,1,0,0,0,0,0,0,0,0,0,0,2,0,0,0,0,0,0,0,1,0,0,0,0,0,0,0,0,0,0,0,0,0,0,0,2,0,0,0,0,0,1,0,0,0,0,0,0,2,0,0,0,0,0,1,0,0,0,0,0,2,0,0,0,0,0,2,1,0,1,0,0,0,0,0,0,1,0,0,2,0,0,1,0,0,0,0,3,0,0,0,0,0,0,1,3,1,0,0,1,1,0,0,0,0,0,0,0,0,1,0,0,1,0,0,1,1,0,0,0,0,1,0,1,0,0,1,0,0,0,0,0,0,0,0,0,0,1,0,0,1,0,0,0,0,0,0,0,0,1,2,0,0,0,0,0,0,0,0,0,0,2,1,0,0,0,0,1,0,0,0,0,0,0,0,0,0,1,0,0,0,0,0,1,0,0,1,0,0,0,0,0,0,0
3922480347697,1,1,2,2,0,0,0,1,3,1,3,3,0,0,3,2,2,0,1,1,0,1,1,2,1,0,0,0,0,0,0,0,0,0,0,0,0,2,0,2,0,0,1,1,1,4,0,0,0,0,1,1,0,2,0,0,0,0,0,0,0,0,1,1,3,1,1,1,0,0,1,1,1,1,1,0,0,0,0,0,0,1,0,1,0,0,0,0,0,0,0,1,1,2,2,0,0,2,3,1,2,3,0,0,1,1,2,1,0,0,0,3,1,2,1,0,0,0,0,0,1,1,1,0,0,4,0,0,0,1,0,0,0,0,2,1,0,1,0,0,0,0,1,2,0,0,0,0,0,0,0,0,0,0,1,4,0,0,2,0,1,0,0,0,1,0,0,3,0,0,0,2,0,0,1,0,0,0,0,0,0,2,1,1,1,3,0,2,1,1,0,1,0,0,1,0,0,0,1,0,0,2,1,2,1,0,0,0,0,0,0,0,0,0,0,1,0,0,1,0,0,2,0,0,0,1,0,0,2,1,0,0,0,0,0,0,0,0,0,0,0,0,0,1,0,0,1,1,0,0,1,0,1,2,0,2,0,0,1,0,0,0,4,0,0,1,0,0,0,2,1,2,1,1,0,1,0,1,2,0,0,0,0,3,0,0,0,0,0,0,1,1,1,0,0,0,0,0,1,0,2,0,0,0,0,1,0,0,0,0,1,0,1,1,0,0,0,0,1,1,1,0,0,0,0,1,0,0,0,1,1,0,0,0,0,0,0,0,2,1,0,0,0,0,0,0,0,2,0,1,0,0,0,0,0,0,0
7193208938982,2,2,0,2,0,0,0,1,0,1,0,0,0,0,1,1,0,0,1,0,0,2,1,0,2,0,0,0,0,0,1,2,2,0,0,1,1,1,0,2,0,0,0,1,0,4,0,0,0,1,2,1,0,0,1,0,0,0,0,0,0,0,1,0,1,0,1,1,0,0,0,2,1,0,1,0,1,2,0,2,0,0,0,1,0,0,0,2,0,0,2,0,2,1,1,0,0,3,4,1,2,1,0,0,1,0,2,1,4,0,0,1,2,0,0,0,1,0,0,0,0,0,3,1,0,2,0,2,2,1,0,0,2,2,1,0,1,0,0,2,3,2,2,0,0,0,0,0,0,1,0,0,0,0,1,2,2,3,0,0,1,0,1,0,1,0,0,1,0,0,2,1,1,1,3,0,0,0,0,0,0,3,0,1,1,1,0,0,0,0,2,0,0,0,0,0,0,2,2,0,0,1,1,1,4,0,0,0,0,0,0,1,0,0,0,0,1,1,2,0,0,0,1,1,1,0,0,0,2,0,0,1,0,0,0,0,0,0,0,0,0,0,0,0,0,1,1,0,0,0,0,0,3,0,0,1,1,4,2,0,0,0,0,1,2,0,0,0,0,0,1,0,2,0,0,1,1,0,0,1,0,0,1,1,1,0,1,0,0,1,1,0,2,2,0,0,0,0,0,0,2,0,0,1,1,0,3,0,0,0,1,0,2,1,4,0,0,1,1,1,2,2,0,0,0,0,0,0,0,1,1,0,0,0,0,0,1,1,1,2,0,0,1,0,0,2,1,3,1,2,0,2,0,1,0,0,0
8650517934553,1,0,0,3,1,0,0,0,4,1,0,1,0,0,0,0,0,2,1,0,0,1,4,2,2,0,0,2,0,0,0,1,1,0,0,1,3,2,1,3,0,0,0,2,0,0,0,1,0,2,1,1,2,2,0,0,0,1,0,0,1,0,2,1,1,2,2,1,0,0,0,0,0,0,3,0,0,0,0,4,0,0,0,1,1,0,0,0,0,0,0,1,0,3,1,0,0,3,3,0,2,0,0,0,0,1,1,2,1,1,0,1,1,1,1,0,0,0,0,0,1,0,0,0,0,3,0,4,0,1,0,0,2,1,1,0,2,0,0,1,1,1,1,0,0,0,0,0,0,1,0,0,0,0,2,2,1,1,0,0,0,1,2,3,0,0,0,2,1,1,1,0,0,0,1,0,0,0,0,0,0,2,0,1,0,2,0,0,3,0,1,0,0,0,1,1,0,0,1,0,0,4,0,0,0,1,0,0,0,0,0,1,0,1,0,0,0,0,0,0,0,1,0,0,2,2,0,0,1,0,4,4,2,0,0,0,0,0,0,0,0,0,0,1,1,1,1,0,0,2,3,1,1,1,0,1,1,1,0,1,0,0,0,2,0,0,0,0,0,1,0,0,2,0,0,0,1,2,1,1,0,0,3,1,1,2,0,0,0,1,1,2,0,0,1,0,0,0,0,0,1,0,0,1,2,3,1,0,0,0,2,0,1,3,4,0,0,1,1,1,1,1,1,0,1,0,1,0,0,3,1,2,1,2,0,0,0,2,0,3,3,0,0,0,0,0,1,2,0,1,1,2,0,0,0,0,0
3270110394259,0,1,1,2,0,0,0,1,0,2,1,0,0,0,1,1,3,2,1,0,0,1,1,0,1,0,0,1,1,0,0,2,2,0,0,1,1,1,0,2,0,3,1,2,2,0,1,0,0,1,0,0,0,4,0,0,0,1,0,0,1,0,0,2,2,1,5,0,0,0,0,2,0,0,1,0,0,0,0,0,1,1,0,2,0,0,0,0,0,0,0,1,1,0,0,1,0,0,1,1,2,1,0,1,1,0,0,0,0,0,0,0,1,0,0,0,0,0,0,0,1,0,3,0,0,0,0,2,1,1,0,0,0,0,1,0,1,0,0,2,0,0,0,0,0,0,0,0,1,0,0,0,0,0,2,3,0,0,1,0,0,1,0,0,1,0,0,5,1,2,2,1,0,0,1,0,0,1,0,0,0,4,1,0,1,0,0,2,1,0,1,0,0,0,0,1,1,0,2,0,0,0,2,0,0,0,0,0,1,0,0,2,0,0,1,0,2,1,0,0,0,1,0,1,0,0,0,0,0,1,1,0,0,0,1,0,0,0,0,0,0,0,3,1,0,0,0,0,1,0,0,0,1,0,0,0,0,1,1,0,0,0,0,0,1,0,0,0,0,1,0,1,1,0,0,1,3,0,1,1,0,0,1,0,0,1,0,0,0,1,0,0,0,0,1,0,0,0,0,0,0,0,0,1,2,0,0,0,0,0,1,1,1,0,0,0,0,2,0,1,0,1,0,0,1,0,0,0,0,1,2,2,0,0,0,0,0,0,0,1,0,0,0,1,0,1,1,0,0,1,0,0,0,0,0,0,0
9133603908014,4,0,0,3,1,0,0,1,1,1,1,0,0,0,1,0,3,4,4,0,0,1,0,2,2,1,0,1,0,0,0,5,1,0,1,6,5,3,4,1,1,0,3,3,1,5,5,1,0,1,2,3,2,1,0,0,1,0,1,0,0,0,0,5,2,1,3,3,0,0,2,2,1,2,3,0,0,3,1,3,1,1,0,3,0,0,0,0,0,0,0,0,5,2,0,0,1,1,2,6,1,3,0,0,1,2,4,1,0,1,0,3,1,4,1,0,0,0,0,0,3,3,2,0,0,1,0,0,4,2,0,3,1,2,1,2,0,0,2,2,1,2,1,1,0,0,0,0,1,0,0,0,0,3,4,2,0,0,0,0,2,1,3,0,1,1,0,2,2,1,0,1,0,0,2,4,0,0,1,0,0,0,4,1,0,5,0,4,3,3,0,3,0,0,7,1,1,1,2,0,0,0,2,5,6,1,0,0,0,0,3,5,0,0,5,5,0,3,0,1,0,2,2,1,1,4,0,0,2,1,1,3,3,0,0,0,0,0,0,0,0,0,2,4,3,1,4,0,1,1,4,0,1,3,0,1,0,2,1,0,0,0,0,3,1,0,0,0,0,1,1,0,2,0,0,3,1,0,1,1,0,0,0,3,3,2,2,0,0,2,2,1,0,1,0,0,0,0,0,0,4,0,1,2,0,4,3,0,0,0,1,2,2,1,2,0,0,1,3,0,2,0,0,0,3,0,0,0,0,1,1,0,2,4,0,0,5,1,2,0,2,0,1,1,3,2,2,0,0,0,1,0,1,1,0,1,0
7111402598169,2,1,2,1,3,0,0,1,0,4,1,0,0,0,2,2,3,5,1,0,0,2,1,1,1,0,0,0,0,0,0,0,5,0,0,1,1,0,0,1,0,0,1,0,0,2,1,1,0,2,4,0,1,1,0,0,0,0,0,1,1,0,0,3,3,0,3,0,0,0,0,2,2,2,2,0,0,1,1,2,0,3,0,1,0,0,0,1,1,0,1,4,1,2,0,1,0,0,1,3,0,1,0,0,0,0,0,2,5,0,0,2,1,0,4,1,1,0,0,0,2,0,0,0,0,0,0,2,1,1,0,0,0,0,0,0,2,0,0,0,1,4,2,0,0,0,0,0,0,0,0,0,1,0,1,3,1,1,0,0,2,2,0,1,2,0,0,1,2,1,0,1,0,0,1,0,0,0,0,1,0,1,2,1,2,3,0,2,2,1,0,2,0,0,3,0,4,2,1,0,0,1,1,2,1,0,0,0,0,0,0,1,0,0,0,1,1,1,0,0,0,0,2,0,1,2,0,0,3,4,0,1,3,0,0,0,0,0,0,0,0,1,1,0,1,3,0,0,0,0,2,0,0,1,0,1,1,1,0,2,0,0,3,3,1,0,0,0,0,0,2,1,0,1,0,1,0,0,0,3,0,0,0,0,2,0,3,0,0,2,0,0,0,1,0,0,0,0,0,0,1,1,0,0,2,1,0,0,0,0,6,0,3,0,1,0,0,0,0,0,2,1,0,0,1,0,1,0,0,1,1,1,0,2,0,0,1,1,0,1,0,0,0,1,1,1,7,0,0,1,1,1,0,0,0,0,0
8986011122048,1,1,0,0,0,0,0,1,0,2,2,1,0,0,0,0,1,1,0,0,0,3,0,0,0,0,0,0,0,0,0,0,0,0,0,1,0,0,1,3,0,0,0,2,1,0,0,1,0,1,1,0,0,0,0,0,0,0,0,0,0,0,0,0,0,1,1,0,0,0,0,0,0,1,1,0,0,1,0,0,1,0,0,1,0,0,0,0,0,0,1,1,1,1,1,0,0,1,1,3,1,0,0,0,0,0,1,0,1,0,1,0,0,1,2,1,1,0,0,0,0,0,1,0,0,2,0,0,0,0,0,0,0,2,1,0,0,1,0,0,1,2,1,0,0,0,0,0,1,0,0,0,1,0,2,0,0,0,0,0,0,0,1,1,2,0,0,1,0,0,0,0,0,0,1,0,0,0,0,0,0,1,1,0,0,3,1,0,1,1,1,3,0,0,1,0,0,1,0,0,0,1,0,1,0,0,0,0,0,0,0,2,0,0,1,0,0,0,1,0,0,1,0,0,2,1,0,0,0,0,1,1,0,0,1,1,0,0,0,1,0,0,0,0,0,1,0,0,0,2,0,2,2,0,0,1,0,0,0,1,0,0,1,1,1,0,0,0,0,0,1,0,4,0,0,0,2,1,1,0,0,0,0,1,0,1,1,0,0,0,0,2,0,0,0,0,0,0,0,0,0,0,0,1,0,0,0,0,0,0,2,0,0,0,0,0,0,0,0,0,0,0,0,0,1,0,0,0,0,0,0,0,0,1,0,0,1,0,1,0,0,0,0,0,0,2,0,0,0,1,0,0,0,0,0,0,0
5524031117940,1,0,1,2,0,0,0,1,2,1,1,1,0,0,1,0,1,2,3,0,0,4,0,0,0,0,0,1,0,0,0,1,2,0,0,0,1,3,1,1,0,0,1,1,0,0,3,0,0,1,0,0,2,1,0,0,0,0,0,0,0,0,0,0,0,1,1,0,0,0,1,2,1,0,2,0,0,2,1,3,0,1,0,2,0,0,0,0,0,1,4,2,0,0,0,0,1,1,0,1,0,4,0,0,1,1,0,2,1,0,0,0,1,2,3,0,0,0,0,0,0,1,0,0,0,3,1,3,1,1,0,1,2,2,2,0,2,0,0,1,3,0,0,0,0,0,0,0,0,0,0,0,1,0,1,0,2,3,0,0,2,1,1,1,0,0,0,2,0,2,1,0,0,1,0,1,0,0,0,0,0,1,2,1,1,1,0,3,0,0,3,0,0,0,1,1,0,1,0,0,0,2,0,2,0,0,0,0,0,0,0,0,0,0,2,0,0,0,0,0,0,2,0,1,1,0,0,0,0,1,2,0,0,0,0,0,0,0,0,0,0,0,1,0,1,0,1,0,0,3,0,1,0,0,0,0,1,0,3,1,0,0,1,0,0,0,0,0,0,1,0,0,0,0,0,1,1,0,2,0,0,0,0,0,1,1,1,0,0,1,2,0,1,0,0,0,0,0,0,0,3,1,0,1,0,0,1,1,0,0,0,1,0,0,0,0,0,2,0,0,2,0,0,0,0,0,1,0,0,0,0,0,0,1,0,0,0,1,0,0,1,0,0,0,2,0,0,0,0,0,1,0,0,0,0,0,0
5573515979800,1,0,1,3,1,0,0,0,0,1,3,0,0,0,2,1,1,1,1,0,0,2,2,3,1,0,0,1,0,1,0,2,0,0,0,0,0,3,1,1,0,0,0,2,1,0,0,0,0,0,1,2,1,1,0,0,0,0,0,0,0,0,0,1,2,2,1,2,0,0,0,2,0,2,2,0,0,0,0,0,1,2,0,0,0,0,0,0,0,0,0,1,2,1,0,0,0,3,1,1,1,0,0,0,1,0,2,0,2,0,0,2,1,2,2,0,0,0,0,0,1,2,2,0,0,1,1,2,0,0,0,0,0,0,1,1,0,0,0,1,0,0,2,0,1,1,0,0,0,0,0,0,1,1,0,2,0,1,0,0,2,3,0,0,0,1,0,2,1,1,1,0,0,0,0,0,0,1,1,0,0,1,2,0,1,1,0,0,1,3,2,2,0,0,0,0,0,0,0,0,0,0,0,0,0,0,0,0,0,0,4,1,0,0,0,0,1,0,1,0,0,2,0,0,1,0,0,0,0,0,0,0,0,0,0,0,0,0,0,0,0,0,0,1,0,2,2,0,0,1,1,2,0,1,0,0,2,0,1,1,0,0,3,1,0,0,0,0,0,1,2,1,0,0,0,1,1,1,0,1,0,0,2,0,0,0,3,0,0,2,2,3,0,0,0,0,0,0,0,0,1,0,0,1,2,2,0,2,0,0,1,1,0,1,0,0,0,0,0,2,1,2,0,0,2,0,0,0,1,1,2,0,1,0,0,0,0,1,1,1,1,0,1,0,1,0,2,0,0,0,0,0,0,0,0,0,0
9882839546088,3,0,1,1,3,0,0,1,1,1,3,3,0,0,0,0,3,3,1,0,0,3,1,3,1,0,0,0,0,0,1,2,0,0,0,2,3,2,2,2,0,1,1,1,1,3,0,1,0,2,2,3,2,1,0,0,0,0,0,0,4,0,0,0,1,0,2,1,0,0,2,0,0,2,0,1,0,1,0,0,0,1,0,2,0,0,0,0,0,0,1,3,4,2,2,0,0,4,5,3,2,0,0,0,1,2,3,1,2,1,0,1,4,3,3,0,0,0,0,0,1,1,2,0,0,3,3,0,1,2,0,0,1,2,0,1,1,0,0,4,0,2,2,0,0,0,0,0,1,0,0,0,1,2,3,0,0,3,0,0,1,1,0,0,3,0,0,2,1,2,0,2,0,0,2,0,0,0,1,1,0,1,1,1,0,2,0,1,2,1,4,2,0,0,0,1,1,1,0,0,0,3,5,2,1,0,0,0,0,1,3,1,0,0,2,2,5,1,2,0,0,3,1,0,3,1,1,0,4,1,0,0,1,0,0,0,0,0,0,0,0,0,0,0,1,0,3,0,0,0,1,0,2,2,0,1,1,1,2,0,0,0,2,0,0,0,0,0,0,2,1,1,1,0,0,4,4,0,1,1,0,0,1,4,0,0,1,0,1,0,2,1,1,1,1,0,1,0,0,0,2,0,0,2,1,0,2,0,0,0,1,2,1,5,1,0,0,1,1,1,2,0,0,0,3,0,0,0,0,2,2,2,0,2,0,0,2,2,1,0,2,0,0,3,2,1,1,2,0,1,1,2,0,1,0,0,0
8118777908898,2,1,0,2,1,0,0,2,1,0,1,0,0,0,1,0,1,0,0,0,0,0,0,0,3,0,0,0,0,0,0,0,1,0,0,2,0,2,1,5,0,0,1,3,0,4,0,0,0,1,2,0,1,0,0,0,0,0,0,0,1,0,1,1,0,1,1,0,0,1,0,0,0,3,0,0,0,1,2,2,0,2,0,0,0,0,0,0,0,0,0,3,1,1,0,0,0,0,1,1,0,0,0,0,0,1,4,1,0,0,0,1,0,0,1,0,0,0,0,0,0,0,0,1,0,0,1,2,1,1,0,0,0,0,0,0,0,0,0,0,1,1,1,0,0,0,0,0,0,0,0,0,0,0,0,0,1,1,0,0,0,2,0,0,0,0,0,0,1,1,1,3,0,0,0,0,0,0,0,0,0,0,0,2,0,1,0,0,0,0,1,1,0,0,1,1,1,0,0,0,0,1,1,0,1,0,0,0,0,0,0,1,0,0,0,1,2,0,1,0,0,0,0,1,0,0,0,0,0,0,0,0,0,0,1,0,0,0,0,0,0,0,0,0,1,0,1,0,0,0,0,0,2,1,0,0,1,1,0,0,0,0,0,0,0,0,0,0,0,1,0,0,0,0,0,2,0,0,0,0,0,0,1,0,0,0,3,0,0,0,4,0,0,1,0,0,0,0,0,0,0,0,0,2,1,0,0,0,0,0,2,1,1,0,0,0,0,0,2,0,0,0,1,0,0,0,0,0,0,1,0,1,0,0,0,0,1,0,1,1,2,0,0,0,0,1,1,1,0,0,0,0,0,0,0,0,0
4426249772873,0,0,0,0,1,0,0,1,0,0,3,0,0,0,0,1,1,0,0,0,0,0,0,1,0,0,0,0,0,0,0,1,0,0,0,0,1,1,1,0,1,0,0,1,0,0,0,0,0,1,2,1,0,0,1,0,1,0,1,0,1,0,1,0,1,2,0,0,0,0,1,0,0,0,0,0,1,0,0,0,0,1,0,1,0,0,0,0,0,0,0,0,1,1,0,0,0,1,1,0,0,1,0,0,1,0,1,1,1,1,0,0,3,3,0,0,0,0,0,0,0,0,0,0,0,2,0,0,1,0,0,0,2,1,0,0,0,0,0,1,1,1,0,0,0,2,0,0,0,0,0,1,0,0,0,1,0,0,1,0,1,0,2,0,0,0,0,0,0,0,0,0,0,0,0,0,0,0,1,0,0,0,2,0,0,0,0,0,0,0,0,0,0,0,1,0,0,0,2,0,0,0,2,0,2,0,0,0,0,0,0,0,0,0,1,1,1,1,1,0,0,1,1,0,0,0,0,0,0,1,1,1,0,0,0,0,0,0,0,0,0,0,2,1,0,2,0,0,0,0,1,0,2,0,0,0,0,0,1,1,0,0,0,1,0,0,0,0,0,1,1,0,0,0,0,0,1,1,1,1,0,0,0,0,0,0,0,0,0,0,2,0,1,0,0,0,0,0,0,0,1,0,0,2,0,0,0,0,0,0,0,1,0,2,0,0,0,0,0,1,0,1,0,0,2,0,0,0,0,1,0,0,1,0,0,0,0,0,0,2,1,0,0,1,0,2,1,1,0,0,0,0,0,0,0,0,0
1885386949733,1,0,0,2,1,0,0,1,1,2,0,4,0,1,2,2,3,0,1,0,0,3,0,1,3,0,0,0,0,0,0,2,4,0,0,1,0,3,3,3,1,0,3,3,0,1,0,0,0,2,0,1,1,3,1,0,0,0,0,0,0,0,0,2,1,3,1,2,0,0,1,1,3,2,2,0,0,1,3,3,1,0,0,3,2,0,0,1,0,0,0,1,2,1,0,0,0,1,2,1,2,0,0,0,2,2,1,0,1,0,0,0,3,0,2,0,2,0,0,0,1,1,5,0,0,2,1,0,0,2,0,0,1,1,0,2,2,0,0,2,0,0,1,2,0,0,0,0,0,0,0,0,0,2,3,1,2,2,0,0,2,1,1,1,2,0,1,3,1,3,1,0,0,0,2,3,0,0,2,0,0,1,0,1,1,1,0,3,2,0,0,1,0,0,1,0,0,1,0,0,0,0,0,0,2,0,0,0,1,1,1,4,0,0,1,1,0,2,1,0,0,1,0,0,0,0,0,0,0,0,0,0,3,0,0,0,0,0,0,0,0,0,3,0,1,1,0,0,0,2,1,1,0,0,0,0,0,2,2,2,0,0,1,0,1,0,1,0,0,1,2,1,1,0,0,0,0,0,0,1,0,0,1,2,0,1,1,0,0,0,1,1,1,2,0,0,0,0,0,0,1,1,0,1,0,1,0,0,0,0,0,1,1,0,1,0,0,1,0,1,1,0,0,1,1,0,2,0,0,0,1,1,0,1,0,0,2,1,0,1,5,0,1,1,1,1,2,1,0,1,1,1,0,0,0,0,0
7442652072221,0,0,1,0,0,0,0,3,1,2,0,4,0,0,0,0,0,0,0,0,0,2,0,0,0,0,0,0,0,0,0,2,2,0,0,2,2,2,0,2,0,0,0,1,0,2,1,0,0,1,1,3,1,0,0,0,0,0,0,0,1,0,0,1,1,0,2,1,0,0,1,1,0,1,0,0,1,0,0,2,1,0,0,0,0,0,0,0,0,0,1,0,0,0,0,0,0,1,2,0,4,1,0,0,0,1,1,0,0,1,0,1,0,0,0,0,1,0,0,0,1,1,2,0,0,0,2,2,0,1,0,1,1,1,0,0,2,0,0,0,0,5,1,0,0,0,0,0,0,1,0,0,0,0,3,0,1,1,0,0,1,0,1,0,2,0,0,3,1,1,1,1,0,0,1,1,0,0,0,0,0,0,2,2,1,0,1,1,0,3,2,0,0,0,2,0,1,1,3,0,0,0,0,1,1,0,0,0,0,0,0,0,0,0,1,2,0,1,1,0,0,2,2,3,1,0,0,0,1,2,0,0,1,0,0,0,0,0,0,0,0,0,0,1,0,0,1,0,0,2,1,0,1,2,0,1,0,2,1,1,0,0,0,0,0,0,0,0,0,0,0,0,0,0,0,0,0,1,0,1,0,0,1,2,0,2,1,0,0,2,0,0,1,0,0,0,0,0,0,0,1,0,0,0,2,2,1,0,0,0,2,0,1,0,1,0,0,0,0,0,0,0,0,0,0,0,0,0,0,2,0,1,0,2,0,0,0,0,3,0,0,2,0,1,0,0,0,2,1,0,0,0,0,0,0,0,0
1921407170452,0,0,0,0,0,0,0,0,0,1,1,0,0,0,1,1,2,0,1,0,0,0,0,1,0,0,0,0,0,0,0,1,0,0,0,0,0,1,1,2,0,0,0,1,0,2,0,0,0,0,0,0,1,0,0,0,0,0,0,0,1,0,1,0,1,1,1,0,0,0,1,1,0,0,0,0,0,0,0,1,0,0,0,0,0,0,0,0,0,0,0,2,2,0,0,0,0,1,0,1,0,1,0,0,0,0,1,0,1,1,0,1,0,0,0,0,0,0,0,0,0,1,0,0,0,0,1,0,3,0,0,0,0,0,0,0,1,0,0,0,1,1,1,2,0,0,0,0,0,0,0,0,1,1,1,0,0,1,0,0,0,1,0,0,0,0,0,1,0,0,0,2,0,0,0,0,0,0,0,0,0,0,1,2,2,1,0,0,1,0,0,0,0,0,0,0,0,0,1,0,0,0,0,0,0,0,0,0,0,0,0,0,0,1,1,0,1,0,1,0,0,0,0,0,0,0,0,0,0,1,0,1,2,0,0,0,0,0,0,0,0,0,1,0,0,0,0,0,0,0,1,0,0,0,0,0,0,0,1,0,0,0,0,0,0,1,0,0,0,0,1,1,0,0,0,1,0,0,0,0,0,0,0,0,1,1,0,1,0,0,0,0,0,0,0,0,0,0,0,0,2,0,0,0,0,0,0,0,0,1,1,0,1,0,0,0,0,0,0,1,1,1,0,0,1,0,0,0,0,0,1,2,2,0,0,0,1,0,2,1,1,0,0,0,0,1,0,0,0,0,1,0,0,0,0,0,0
1887140245119,3,1,2,2,2,0,0,2,0,3,0,0,0,0,2,0,3,3,1,0,0,0,2,1,1,0,0,0,0,0,0,2,0,0,0,0,1,2,2,0,0,0,0,0,2,2,1,0,0,0,1,0,4,2,1,1,0,0,0,0,1,0,0,0,1,1,0,0,0,0,0,0,2,1,1,0,1,2,2,2,3,2,0,3,0,0,1,0,1,0,0,0,1,1,1,0,0,0,0,0,0,1,0,0,1,0,1,0,1,0,0,2,1,1,3,0,0,0,0,0,0,0,1,0,0,2,2,1,1,1,0,0,1,3,1,0,0,1,0,0,0,2,0,0,0,0,0,0,0,0,0,0,1,0,3,0,1,0,0,0,0,0,0,0,1,0,1,4,0,0,1,1,0,0,0,0,0,0,0,0,1,0,0,1,2,1,0,1,0,1,0,0,0,0,0,3,1,0,0,0,0,1,0,3,1,0,0,0,0,0,3,2,0,3,0,0,1,2,0,0,0,2,0,0,1,1,0,0,1,1,0,1,1,0,0,0,0,0,0,0,0,0,0,1,0,1,1,0,0,2,1,0,1,1,0,0,1,0,1,0,0,0,1,2,0,0,0,0,0,2,2,0,1,0,0,1,0,0,3,2,0,0,0,2,1,2,2,0,1,0,0,0,0,0,0,0,0,0,0,0,2,0,0,0,2,0,1,1,0,0,0,0,0,0,0,0,0,3,1,0,0,0,0,0,4,0,0,0,0,4,1,0,0,2,0,1,1,0,2,1,4,0,0,4,0,1,0,1,0,0,2,1,0,1,0,0,0
8295015923248,1,1,1,2,0,1,0,2,0,0,1,1,0,0,1,1,3,0,3,1,0,1,2,2,0,1,0,0,1,0,0,1,0,0,0,4,1,1,2,4,0,0,1,0,1,0,2,0,0,0,0,1,0,1,0,0,0,0,0,0,1,0,0,2,0,4,2,0,0,0,0,0,2,1,1,0,0,1,2,0,1,0,0,1,0,0,0,0,0,0,2,1,0,0,0,0,0,1,2,0,1,0,0,0,0,3,0,1,1,0,0,2,2,4,1,0,1,0,0,0,0,2,1,0,0,2,1,2,1,0,0,0,1,1,2,0,1,0,0,1,3,1,2,2,0,1,1,1,0,1,0,0,0,2,0,0,1,0,0,0,1,0,4,4,2,0,0,4,1,1,2,2,0,0,2,4,0,0,0,0,1,1,2,1,0,2,0,0,0,1,1,2,0,1,1,2,2,2,0,0,0,0,1,0,1,0,0,0,0,0,2,0,1,0,0,2,1,1,0,0,0,0,1,1,1,0,0,0,2,1,0,1,0,0,0,0,0,0,1,0,0,0,2,1,1,0,0,0,0,1,1,0,0,1,0,1,1,1,3,2,0,1,0,1,1,0,0,0,0,3,0,0,2,0,0,0,4,0,2,0,0,0,1,2,1,1,2,0,0,1,1,1,1,0,0,1,0,0,0,0,1,0,0,4,0,1,0,1,0,0,1,0,0,2,1,0,0,2,1,3,0,1,0,0,0,0,0,0,0,1,1,1,0,0,0,0,1,2,4,1,2,0,0,1,1,1,2,0,0,2,0,4,1,0,0,1,0
2668380592920,1,2,2,3,1,0,0,3,2,4,5,4,0,0,1,3,2,1,5,0,0,1,2,0,1,0,0,1,0,0,0,5,2,0,0,0,2,7,1,4,0,0,1,2,0,3,1,0,0,2,0,3,1,2,0,0,1,0,0,0,1,0,0,0,2,2,0,3,0,0,2,1,0,0,1,0,0,2,1,0,0,0,1,3,0,1,0,0,0,0,0,2,2,1,0,0,0,3,2,2,2,1,0,0,2,1,2,1,0,1,0,0,4,3,2,0,0,0,0,0,1,1,0,1,0,5,1,3,1,0,0,1,2,2,4,3,0,0,0,1,2,3,0,0,0,0,0,2,0,1,0,0,0,2,4,2,3,3,0,0,1,3,3,0,1,0,0,2,1,2,2,1,1,2,1,1,0,1,0,0,0,2,2,1,2,6,0,2,3,1,1,1,0,0,1,1,2,2,3,0,0,2,0,2,1,1,0,0,0,0,3,1,0,0,1,3,5,2,2,1,0,2,1,1,2,1,0,0,1,0,2,1,3,0,0,0,0,0,0,0,0,0,1,2,1,1,1,0,0,4,2,4,0,4,0,1,0,2,1,0,0,0,0,0,1,0,0,0,0,3,2,2,1,0,0,1,1,0,1,0,0,0,0,1,1,1,2,0,0,1,0,0,1,2,0,0,0,0,0,0,1,0,0,0,2,1,1,2,1,0,2,0,0,0,1,0,0,1,1,3,1,0,0,0,1,1,1,0,1,0,1,0,1,5,0,0,1,1,1,0,0,0,0,1,1,0,3,0,0,1,1,0,1,0,1,0,0
9679955033493,0,0,1,2,2,0,0,3,0,0,0,2,2,0,0,1,2,2,2,0,0,0,2,0,0,0,0,0,0,0,0,3,1,0,0,1,1,3,2,1,0,0,1,1,1,4,2,0,0,2,4,3,2,1,0,0,0,1,0,1,3,0,0,2,1,3,2,2,0,0,1,3,2,1,1,0,0,1,1,2,1,0,0,2,1,0,0,0,0,0,1,0,3,1,1,0,0,1,2,4,0,1,0,0,0,2,2,1,1,0,0,1,1,1,1,0,0,0,0,0,0,1,0,0,0,1,1,0,1,3,0,0,1,5,0,1,1,0,0,3,0,2,3,0,0,1,0,0,0,0,0,0,0,1,1,0,2,2,0,0,3,3,2,4,0,0,0,3,1,1,2,1,0,0,2,2,0,0,0,0,1,2,4,1,3,1,0,1,2,0,0,1,0,0,1,1,1,3,1,0,0,3,1,3,3,1,0,0,0,0,1,1,0,0,0,2,2,0,0,0,0,1,1,2,0,2,0,0,2,1,0,0,5,0,0,0,0,0,1,0,0,0,2,1,1,0,2,0,0,2,1,2,0,1,0,0,0,4,1,5,0,0,0,2,1,0,0,0,0,2,1,0,0,0,0,2,1,2,0,0,0,0,0,0,2,1,1,0,0,2,0,1,0,2,0,2,0,0,0,1,2,0,0,1,2,0,1,1,1,0,0,1,0,1,2,0,0,2,1,1,0,0,1,0,1,0,0,0,0,0,2,0,1,1,0,0,0,0,4,0,1,0,0,0,0,2,1,1,0,0,0,1,0,0,0,1,0
4887387328514,1,1,2,4,0,0,0,5,0,3,2,1,0,1,1,0,4,1,2,0,0,2,1,6,0,0,0,0,0,0,0,1,2,0,0,1,1,1,2,0,0,0,2,1,0,1,1,1,0,1,2,2,0,0,0,0,0,0,1,0,2,0,1,0,2,3,2,0,0,0,2,2,0,0,2,0,0,1,1,3,1,2,0,0,0,0,0,0,0,0,0,1,2,2,0,0,0,2,4,2,5,3,0,1,3,1,0,0,2,0,0,0,4,2,1,0,0,0,0,0,2,0,1,0,1,3,1,1,2,0,0,0,2,2,0,1,0,0,0,3,3,0,2,1,1,0,1,1,1,0,0,0,0,1,4,1,0,3,0,0,3,1,4,2,1,0,0,0,3,3,1,1,0,0,0,1,0,1,3,0,1,1,3,2,0,1,0,3,3,2,2,0,0,0,1,0,1,0,1,0,0,1,1,1,0,0,0,0,0,0,2,1,0,1,1,1,0,0,1,0,0,4,3,0,1,2,0,0,1,1,1,0,1,0,0,0,0,0,0,0,0,0,0,1,0,1,0,0,0,0,1,0,2,0,0,0,0,1,4,0,0,0,0,2,2,0,1,0,1,1,0,1,0,0,0,4,0,1,0,1,0,0,0,0,0,0,2,0,0,2,1,1,2,1,0,0,0,0,0,0,1,1,0,2,1,0,0,1,0,0,1,1,1,0,1,0,0,0,1,2,2,1,0,0,0,1,0,0,0,1,0,2,1,2,0,0,1,0,0,0,1,0,0,0,0,1,4,0,2,0,1,1,1,1,0,0,0
