Barcode,Together Bought With,Similar Products
9550889811760,"9133603908014, 7009664627837, 7784851719923","7534112261015, 6695212836394"
7534112261015,"9133603908014, 7909647285748, 7009664627837","9550889811760, 6695212836394"
6695212836394,"7009664627837, 1319495204239, 2668380592920","9550889811760, 7534112261015"
5656234314111,"7477584351590, 7909647285748, 1440710811309","1489716693439, 3442852944505"
1489716693439,"9133603908014, 7909647285748, 6695212836394","5656234314111, 3442852944505"
3442852944505,"1489716693439, 7009664627837, 9133603908014","5656234314111, 1489716693439"
7438552944490,"9133603908014, 1530281751828, 4887387328514","7477584351590, 8060776080538"
7477584351590,"9471443645365, 4887387328514, 9133603908014","7438552944490, 8060776080538"
8060776080538,"1366803933780, 6768130244551, 9099746266551","7438552944490, 7477584351590"
3046223091366,"7009664627837, 7909647285748, 2646305542863","6768130244551, 7909647285748"
6768130244551,"8493556002921, 9882839546088, 2168494776151","3046223091366, 7909647285748"
7909647285748,"7009664627837, 7417081143053, 1440710811309","3046223091366, 6768130244551"
2646305542863,"7909647285748, 9133603908014, 7784851719923","4266329572283, 1081846168108"
4266329572283,"1374644357806, 7417081143053, 7009664627837","2646305542863, 1081846168108"
1081846168108,"7784851719923, 7909647285748, 1319495204239","2646305542863, 4266329572283"
4264705587768,"8650517934553, 9133603908014, 7111402598169","5966087203573, 1110475018705"
5966087203573,"9133603908014, 1440710811309, 2005707746631","4264705587768, 1110475018705"
1110475018705,"1440710811309, 9133603908014, 6768130244551","4264705587768, 5966087203573"
5756935329189,"7009664627837, 2974785865598, 7909647285748","1440710811309, 8952577124826"
1440710811309,"7909647285748, 5334981206381, 7417081143053","5756935329189, 8952577124826"
8952577124826,"1440710811309, 7009664627837, 9133603908014","5756935329189, 1440710811309"
3348353436381,"7534112261015, 7784851719923, 3801660182303","9471443645365, 5112203895591"
9471443645365,"7477584351590, 7009664627837, 9133603908014","3348353436381, 5112203895591"
5112203895591,"1489716693439, 7909647285748, 8295015923248","3348353436381, 9471443645365"
3019733334840,"4887387328514, 1530281751828, 1319495204239","7538675410397, 1319495204239"
7538675410397,"1530281751828, 9133603908014, 7909647285748","3019733334840, 1319495204239"
1319495204239,"2668380592920, 2764870889303, 6695212836394","3019733334840, 7538675410397"
9320526500374,"9882839546088, 9133603908014, 1374644357806","7417081143053, 9792841352355"
7417081143053,"7009664627837, 7909647285748, 9133603908014","9320526500374, 9792841352355"
9792841352355,"6695212836394, 8493556002921, 1319495204239","9320526500374, 7417081143053"
2005707746631,"5966087203573, 9133603908014, 7417081143053","6874779065864, 1374644357806"
6874779065864,"2764870889303, 2668380592920, 1319495204239","2005707746631, 1374644357806"
1374644357806,"9133603908014, 7009664627837, 9882839546088","2005707746631, 6874779065864"
9366403560281,"1530281751828, 9099746266551, 9471443645365","9341222702392, 5723787941699"
9341222702392,"7009664627837, 2168494776151, 1440710811309","9366403560281, 5723787941699"
5723787941699,"9133603908014, 7909647285748, 1530281751828","9366403560281, 9341222702392"
4799124724315,"7909647285748, 1440710811309, 9133603908014","4243802214885, 5334981206381"
4243802214885,"7009664627837, 8493556002921, 4852979716602","4799124724315, 5334981206381"
5334981206381,"1440710811309, 8493556002921, 7111402598169","4799124724315, 4243802214885"
6079913241894,"9133603908014, 6768130244551, 4852979716602","2676489428461, 7118631998839"
2676489428461,"9133603908014, 1440710811309, 9471443645365","6079913241894, 7118631998839"
7118631998839,"9679955033493, 1319495204239, 8493556002921","6079913241894, 2676489428461"
3000161243260,"1530281751828, 7009664627837, 7784851719923","8493556002921, 9099746266551"
8493556002921,"9133603908014, 7009664627837, 6768130244551","3000161243260, 9099746266551"
9099746266551,"9133603908014, 7417081143053, 1440710811309","3000161243260, 8493556002921"
7009664627837,"9133603908014, 7417081143053, 6695212836394","8562587170545, 4852979716602"
8562587170545,"3348353436381, 1885386949733, 9882839546088","7009664627837, 4852979716602"
4852979716602,"1319495204239, 7477584351590, 7009664627837","7009664627837, 8562587170545"
2081796341037,"9133603908014, 9882839546088, 2764870889303","7784851719923, 1530281751828"
7784851719923,"7909647285748, 4887387328514, 2668380592920","2081796341037, 1530281751828"
1530281751828,"2668380592920, 1885386949733, 1319495204239","2081796341037, 7784851719923"
2764870889303,"1319495204239, 7111402598169, 9133603908014","2974785865598, 8068700962471"
2974785865598,"7009664627837, 5756935329189, 2646305542863","2764870889303, 8068700962471"
8068700962471,"9133603908014, 9320526500374, 4852979716602","2764870889303, 2974785865598"
1904792486473,"1319495204239, 1440710811309, 1530281751828","4651387619190, 6400454451965"
4651387619190,"1530281751828, 2668380592920, 7009664627837","1904792486473, 6400454451965"
6400454451965,"2646305542863, 9133603908014, 7417081143053","1904792486473, 4651387619190"
3801660182303,"9133603908014, 7477584351590, 1319495204239","2168494776151, 1366803933780"
2168494776151,"6768130244551, 9882839546088, 7009664627837","3801660182303, 1366803933780"
1366803933780,"9133603908014, 7009664627837, 9882839546088","3801660182303, 2168494776151"
6373646879188,"2668380592920, 2646305542863, 9882839546088","3922480347697, 7193208938982"
3922480347697,"9133603908014, 1319495204239, 2668380592920","6373646879188, 7193208938982"
7193208938982,"2668380592920, 1530281751828, 9471443645365","6373646879188, 3922480347697"
8650517934553,"7009664627837, 7417081143053, 2168494776151","3270110394259, 9133603908014"
3270110394259,"7009664627837, 9133603908014, 9882839546088","8650517934553, 9133603908014"
9133603908014,"1374644357806, 7009664627837, 7534112261015","8650517934553, 3270110394259"
7111402598169,"2764870889303, 9320526500374, 7009664627837","8986011122048, 5524031117940"
8986011122048,"1489716693439, 8493556002921, 3046223091366","7111402598169, 5524031117940"
5524031117940,"7009664627837, 7909647285748, 1374644357806","7111402598169, 8986011122048"
5573515979800,"7477584351590, 9471443645365, 4852979716602","9882839546088, 8118777908898"
9882839546088,"9133603908014, 9320526500374, 6768130244551","5573515979800, 8118777908898"
8118777908898,"7477584351590, 7909647285748, 9882839546088","5573515979800, 9882839546088"
4426249772873,"9133603908014, 7009664627837, 1440710811309","1885386949733, 7442652072221"
1885386949733,"1530281751828, 9679955033493, 8295015923248","4426249772873, 7442652072221"
7442652072221,"1440710811309, 1530281751828, 2668380592920","4426249772873, 1885386949733"
1921407170452,"9471443645365, 9099746266551, 1440710811309","1887140245119, 8295015923248"
1887140245119,"9882839546088, 7009664627837, 9133603908014","1921407170452, 8295015923248"
8295015923248,"2168494776151, 1885386949733, 9471443645365","1921407170452, 1887140245119"
2668380592920,"9133603908014, 1319495204239, 7909647285748","9679955033493, 4887387328514"
9679955033493,"9133603908014, 7009664627837, 9471443645365","2668380592920, 4887387328514"
4887387328514,"7477584351590, 9133603908014, 7009664627837","2668380592920, 9679955033493"
