UID,Barcode,Date of Shelving,Date of Manufacturing,Expiry Date,Quantity,Cost Price
240721CA,5656234314111,2024-07-21,2024-04-02,2025-05-17,440,414.69
240721CB,4852979716602,2024-07-21,2024-04-24,2024-09-10,403,41.58
240721CC,9550889811760,2024-07-21,2024-05-15,2025-10-19,141,358.41
240721CD,9366403560281,2024-07-21,2024-06-15,2025-03-18,443,332.55
240615AA,9133603908014,2024-06-15,2024-04-29,2026-04-02,366,305.57
240615AB,7417081143053,2024-06-15,2024-05-05,2025-04-03,79,41.01
240615AC,8986011122048,2024-06-15,2024-03-19,2024-04-19,260,130.25
240821CA,6874779065864,2024-08-21,2024-02-28,2024-06-17,208,275.81
240821CB,7438552944490,2024-08-21,2024-06-17,2025-12-26,389,188.15
240821CC,1904792486473,2024-08-21,2024-04-23,2024-09-17,426,318.6
240329AA,3000161243260,2024-03-29,2023-11-04,2024-11-09,103,168.84
240329AB,9882839546088,2024-03-29,2023-10-05,2025-01-28,394,196.8
240329AC,6874779065864,2024-03-29,2023-11-23,2024-01-06,482,274.31
240415DA,5334981206381,2024-04-15,2024-02-29,2026-02-20,485,205.72
240602EA,7538675410397,2024-06-02,2024-01-06,2025-06-03,98,148.94
240602EB,4651387619190,2024-06-02,2024-04-19,2024-06-07,404,157.93
240916CA,5656234314111,2024-09-16,2024-08-13,2024-10-24,101,429.28
240916CB,1530281751828,2024-09-16,2024-05-15,2025-03-08,440,148.97
240916CC,8068700962471,2024-09-16,2024-07-26,2025-05-15,195,189.55
240517AA,8562587170545,2024-05-17,2024-01-17,2024-03-07,369,206.51
240517BA,5756935329189,2024-05-17,2023-11-27,2025-05-05,435,272.03
240517BB,5723787941699,2024-05-17,2024-04-03,2025-06-26,322,215.11
240517BC,8295015923248,2024-05-17,2024-04-12,2025-02-28,268,348.82
240504AA,7118631998839,2024-05-04,2024-03-21,2025-01-26,114,79.31
240818CA,7442652072221,2024-08-18,2024-03-13,2025-06-17,161,197.9
240809CA,7009664627837,2024-08-09,2024-04-24,2026-04-16,147,194.83
241008DA,7784851719923,2024-10-08,2024-07-28,2025-04-16,234,17.22
241008DB,2764870889303,2024-10-08,2024-04-26,2025-08-20,281,338.35
241008DC,7111402598169,2024-10-08,2024-05-08,2025-06-30,479,188.76
241106DA,9471443645365,2024-11-06,2024-09-06,2024-12-31,491,421.68
240306DA,2646305542863,2024-03-06,2023-12-22,2025-05-07,126,66.72
240306DB,3046223091366,2024-03-06,2023-12-12,2025-01-30,115,321.66
240306DC,4243802214885,2024-03-06,2023-09-23,2024-10-21,498,265.17
240306DD,9133603908014,2024-03-06,2023-12-05,2025-05-21,275,253.66
240306DE,3922480347697,2024-03-06,2023-10-11,2025-03-09,276,230.1
240220CA,7193208938982,2024-02-20,2023-12-02,2025-11-16,186,51.32
240220CB,8562587170545,2024-02-20,2023-09-14,2024-01-12,84,239.88
240705EA,1530281751828,2024-07-05,2024-03-20,2024-12-04,273,111.78
240705EB,3801660182303,2024-07-05,2024-06-01,2025-03-18,443,288.01
240705EC,5334981206381,2024-07-05,2024-05-26,2024-11-03,277,198.51
240705ED,1887140245119,2024-07-05,2024-05-12,2025-09-21,249,39.53
240705EE,2005707746631,2024-07-05,2024-03-20,2025-07-24,190,361.67
240914CA,3000161243260,2024-09-14,2024-06-27,2025-07-11,258,150.7
240324BA,1374644357806,2024-03-24,2023-10-12,2025-01-15,307,139.18
241026DA,1110475018705,2024-10-26,2024-08-06,2024-09-26,489,54.36
241026DB,1366803933780,2024-10-26,2024-09-26,2025-04-29,156,157.6
241026DC,6079913241894,2024-10-26,2024-06-20,2025-01-10,321,293.44
241004AA,4266329572283,2024-10-04,2024-08-20,2024-12-28,56,404.29
241218AA,3442852944505,2024-12-18,2024-11-10,2025-01-22,201,148.96
241218AB,8295015923248,2024-12-18,2024-09-16,2025-05-14,376,336.28
241218AC,8952577124826,2024-12-18,2024-10-25,2025-08-12,278,97.91
241218AD,7009664627837,2024-12-18,2024-08-26,2025-04-09,272,222.61
240203BA,9792841352355,2024-02-03,2023-12-11,2024-11-07,229,60.55
240203BB,4264705587768,2024-02-03,2024-01-03,2026-01-01,379,273.29
240203BC,8493556002921,2024-02-03,2023-12-29,2024-08-04,102,266.85
240203BD,3442852944505,2024-02-03,2023-11-22,2024-11-29,224,163.74
240203BE,2676489428461,2024-02-03,2024-01-01,2024-10-22,186,50.33
240506CA,7784851719923,2024-05-06,2024-04-04,2025-01-08,225,18.18
240530BA,1110475018705,2024-05-30,2024-04-16,2025-10-17,217,52.11
240530BB,5756935329189,2024-05-30,2023-12-24,2024-08-15,186,278.28
240702DA,9366403560281,2024-07-02,2024-04-09,2024-09-26,206,347.78
240702DB,1530281751828,2024-07-02,2024-05-09,2025-04-20,142,113.68
240702DC,9341222702392,2024-07-02,2024-03-09,2024-12-18,275,183.9
240625CA,7417081143053,2024-06-25,2024-02-26,2025-06-23,358,37.18
240625CB,5756935329189,2024-06-25,2024-02-05,2024-09-19,68,278.58
240208EA,1921407170452,2024-02-08,2023-12-14,2024-12-11,333,100.43
240321BA,1530281751828,2024-03-21,2024-01-28,2024-06-22,414,127.79
240321BB,3922480347697,2024-03-21,2023-12-24,2024-04-23,337,230.89
240321BC,2764870889303,2024-03-21,2024-02-12,2026-01-15,332,313.69
240321BD,7111402598169,2024-03-21,2023-10-29,2024-11-25,465,211.29
240928BA,7534112261015,2024-09-28,2024-05-10,2025-06-15,180,205.46
240928BB,5966087203573,2024-09-28,2024-04-28,2025-07-03,212,402.41
240928BC,6768130244551,2024-09-28,2024-08-03,2026-01-19,485,257.02
240928BD,5524031117940,2024-09-28,2024-07-30,2024-10-23,318,264.31
240928BE,5966087203573,2024-09-28,2024-06-21,2024-12-09,152,311.71
240402EA,4243802214885,2024-04-02,2023-11-06,2025-10-05,230,257.08
240402EB,9471443645365,2024-04-02,2024-01-01,2024-05-06,199,328.89
240218AA,1081846168108,2024-02-18,2023-08-25,2023-12-20,252,356.55
240218AB,8650517934553,2024-02-18,2023-11-04,2024-12-27,167,297.23
240218AC,8295015923248,2024-02-18,2023-10-02,2025-01-28,254,345.35
241004EA,1440710811309,2024-10-04,2024-06-25,2024-10-29,301,16.62
240610AA,7417081143053,2024-06-10,2024-04-19,2025-12-05,482,32.26
240610AB,7111402598169,2024-06-10,2024-04-19,2026-01-20,190,157.03
240610AC,9099746266551,2024-06-10,2024-02-14,2026-01-23,96,310.26
240610AD,1904792486473,2024-06-10,2024-02-27,2024-08-17,308,337.35
240706BA,7118631998839,2024-07-06,2024-01-22,2024-12-21,433,95.21
240706BB,5756935329189,2024-07-06,2024-04-30,2025-08-05,255,271.81
240706BC,4651387619190,2024-07-06,2024-05-19,2024-12-27,50,131.15
240221DA,4243802214885,2024-02-21,2023-12-09,2025-12-01,182,246.05
240221DB,6874779065864,2024-02-21,2024-01-10,2024-11-01,241,263.23
240221DC,7538675410397,2024-02-21,2024-01-20,2025-04-29,478,152.88
240221DD,7193208938982,2024-02-21,2023-11-06,2024-01-28,468,56.52
240519CA,2676489428461,2024-05-19,2023-12-27,2024-10-23,207,42.27
240529EA,6768130244551,2024-05-29,2024-04-04,2025-03-10,336,347.59
240529EB,4426249772873,2024-05-29,2024-04-02,2025-07-10,104,32.56
240529EC,9792841352355,2024-05-29,2023-12-22,2024-03-31,194,57.7
240529ED,2168494776151,2024-05-29,2024-01-19,2024-10-07,319,243.61
240128AA,7193208938982,2024-01-28,2023-12-04,2025-01-23,208,56.11
240128AB,4651387619190,2024-01-28,2023-10-08,2023-12-22,141,129.26
240128AC,7477584351590,2024-01-28,2023-08-19,2024-09-15,248,239.63
240128AD,1366803933780,2024-01-28,2023-12-05,2024-04-05,484,168.26
240128AE,7193208938982,2024-01-28,2023-10-30,2025-10-10,139,47.18
240720BA,1110475018705,2024-07-20,2024-03-25,2026-02-08,205,55.16
240720BB,3442852944505,2024-07-20,2024-02-03,2025-01-28,417,146.85
241227CA,8118777908898,2024-12-27,2024-08-26,2024-12-09,75,17.83
241227CB,7009664627837,2024-12-27,2024-09-08,2026-04-09,259,231.95
241227CC,2646305542863,2024-12-27,2024-10-19,2026-06-25,355,61.72
241227CD,7438552944490,2024-12-27,2024-10-09,2026-04-09,171,142.26
240719DA,1374644357806,2024-07-19,2024-03-18,2025-02-22,420,129.6
240719DB,2764870889303,2024-07-19,2024-04-26,2025-04-13,75,432.63
240719DC,2168494776151,2024-07-19,2024-04-27,2026-04-01,266,274.23
240719DD,7909647285748,2024-07-19,2024-06-02,2024-07-25,155,316.85
240527BA,1921407170452,2024-05-27,2023-12-18,2025-12-16,62,73.7
240527BB,3801660182303,2024-05-27,2024-03-17,2024-06-02,166,304.1
240527BC,7538675410397,2024-05-27,2024-01-22,2025-11-18,310,159.31
240527BD,8493556002921,2024-05-27,2024-01-22,2025-01-19,232,249.66
240306BA,6768130244551,2024-03-06,2023-11-05,2023-12-13,254,318.83
241202DA,1885386949733,2024-12-02,2024-07-01,2025-01-28,494,49.34
241202DB,2168494776151,2024-12-02,2024-09-13,2025-10-05,95,257.73
241202DC,9366403560281,2024-12-02,2024-07-06,2026-06-26,230,294.07
241202DD,1904792486473,2024-12-02,2024-09-01,2024-12-14,220,390.4
241202DE,9099746266551,2024-12-02,2024-07-14,2026-01-24,406,301.81
240426CA,3801660182303,2024-04-26,2023-11-21,2025-08-17,432,313.09
240907DA,4852979716602,2024-09-07,2024-08-03,2025-01-07,173,33.2
240907DB,6079913241894,2024-09-07,2024-04-02,2024-09-20,379,388.96
240907DC,9679955033493,2024-09-07,2024-06-15,2025-09-17,387,20.84
240602CA,9133603908014,2024-06-02,2024-04-20,2024-12-26,415,276.28
240602CB,8650517934553,2024-06-02,2024-01-20,2025-07-23,54,254.4
240223BA,9320526500374,2024-02-23,2023-12-17,2024-03-26,286,148.99
240223BB,1489716693439,2024-02-23,2023-11-04,2025-05-06,350,297.22
241213EA,2974785865598,2024-12-13,2024-10-10,2025-03-23,301,215.75
241213EB,8650517934553,2024-12-13,2024-08-01,2026-04-04,76,268.25
241213EC,7534112261015,2024-12-13,2024-10-27,2025-05-13,389,193.0
240610DA,6079913241894,2024-06-10,2024-03-12,2026-02-04,69,298.63
240610DB,3046223091366,2024-06-10,2024-04-06,2024-11-12,98,238.31
240610DC,1081846168108,2024-06-10,2023-12-17,2025-02-15,439,312.25
240610DD,4651387619190,2024-06-10,2024-02-01,2025-05-21,174,128.33
240106AA,4887387328514,2024-01-06,2023-10-20,2024-10-04,105,49.99
240106AB,3801660182303,2024-01-06,2023-08-02,2024-02-26,103,246.81
240106AC,4243802214885,2024-01-06,2023-09-14,2023-12-20,273,260.6
240201CA,2081796341037,2024-02-01,2023-08-09,2024-01-30,55,170.71
240201CB,7784851719923,2024-02-01,2023-12-20,2024-03-30,353,15.46
240201CC,6695212836394,2024-02-01,2023-10-26,2025-03-15,404,244.07
240201CD,2005707746631,2024-02-01,2023-11-02,2025-03-25,237,305.87
240201CE,2668380592920,2024-02-01,2023-08-11,2025-04-21,405,324.82
241209BA,3019733334840,2024-12-09,2024-09-11,2026-01-13,240,127.51
241209BB,3270110394259,2024-12-09,2024-08-06,2024-11-25,117,204.78
241209BC,2646305542863,2024-12-09,2024-06-29,2025-01-18,246,59.7
240624CA,9133603908014,2024-06-24,2024-05-15,2025-04-06,221,263.41
240624CB,7442652072221,2024-06-24,2024-02-20,2025-02-01,443,266.64
240223BA,4887387328514,2024-02-23,2024-01-14,2024-08-23,414,37.71
240327CA,7477584351590,2024-03-27,2024-02-19,2024-09-23,459,195.74
240327CB,4887387328514,2024-03-27,2023-10-01,2024-01-05,369,44.18
240327CC,4243802214885,2024-03-27,2023-11-11,2024-10-17,389,275.45
240327CD,5573515979800,2024-03-27,2023-10-31,2024-02-10,113,229.01
240327CE,3442852944505,2024-03-27,2023-12-23,2025-11-07,470,213.65
241119EA,3019733334840,2024-11-19,2024-06-26,2025-12-16,90,99.85
241119EB,9679955033493,2024-11-19,2024-08-18,2026-02-15,498,19.64
241119EC,1440710811309,2024-11-19,2024-06-08,2025-06-27,343,19.66
241119ED,9679955033493,2024-11-19,2024-08-28,2024-12-31,464,27.56
241119EE,5573515979800,2024-11-19,2024-10-05,2025-11-22,417,170.67
240510AA,2168494776151,2024-05-10,2023-12-02,2025-02-24,457,233.27
240510AB,1366803933780,2024-05-10,2024-02-02,2025-03-27,201,184.32
241023DA,9679955033493,2024-10-23,2024-05-30,2024-12-16,481,25.2
241023DB,1374644357806,2024-10-23,2024-07-02,2025-08-24,143,144.21
241023DC,3046223091366,2024-10-23,2024-07-02,2025-06-13,325,307.71
241023DD,7009664627837,2024-10-23,2024-07-03,2025-09-12,178,202.77
241015DA,5966087203573,2024-10-15,2024-07-16,2026-02-06,119,287.03
241015DB,1489716693439,2024-10-15,2024-05-02,2024-08-18,353,296.31
240805AA,3046223091366,2024-08-05,2024-03-23,2025-05-19,384,230.62
241126CA,5334981206381,2024-11-26,2024-05-31,2025-05-10,281,266.97
241126CB,9320526500374,2024-11-26,2024-08-05,2026-03-16,421,149.5
241126CC,2974785865598,2024-11-26,2024-08-09,2024-12-15,203,266.33
241126CD,8986011122048,2024-11-26,2024-07-09,2025-11-21,392,115.29
241126CE,1887140245119,2024-11-26,2024-10-25,2026-03-05,199,40.46
240609AA,5524031117940,2024-06-09,2024-03-15,2024-04-29,413,268.38
240609AB,6768130244551,2024-06-09,2023-12-26,2025-12-08,430,293.67
241202EA,7538675410397,2024-12-02,2024-07-26,2024-11-24,156,136.52
241202EB,7009664627837,2024-12-02,2024-06-09,2024-12-08,136,221.72
241202EC,9471443645365,2024-12-02,2024-09-01,2026-09-01,82,397.76
241022AA,7009664627837,2024-10-22,2024-06-05,2026-03-25,267,233.24
241022AB,2668380592920,2024-10-22,2024-05-24,2024-10-16,469,347.08
240507AA,3270110394259,2024-05-07,2024-01-23,2024-06-28,266,210.0
240116BA,9882839546088,2024-01-16,2023-08-06,2024-11-16,202,166.16
240116BB,4799124724315,2024-01-16,2023-10-30,2025-06-30,226,135.87
240116BC,3270110394259,2024-01-16,2023-09-24,2024-03-16,430,192.75
240116BD,6400454451965,2024-01-16,2023-10-11,2024-03-15,57,317.78
240416CA,4651387619190,2024-04-16,2024-02-04,2025-09-09,359,110.37
240126AA,3442852944505,2024-01-26,2023-11-19,2025-03-17,64,172.69
240126AB,7477584351590,2024-01-26,2023-10-15,2024-06-02,200,264.87
240126AC,1374644357806,2024-01-26,2023-12-14,2025-02-01,340,129.19
240413AA,1110475018705,2024-04-13,2023-10-29,2025-05-27,128,50.26
240413AB,7784851719923,2024-04-13,2023-12-11,2024-02-01,282,13.71
241230DA,3019733334840,2024-12-30,2024-10-13,2025-11-27,402,109.23
241230DB,1887140245119,2024-12-30,2024-08-09,2025-07-16,219,35.54
241230DC,1904792486473,2024-12-30,2024-09-22,2024-10-24,453,399.35
241230DD,1440710811309,2024-12-30,2024-08-16,2025-07-31,204,22.18
240329CA,8986011122048,2024-03-29,2023-11-08,2025-02-12,229,121.91
240329CB,2974785865598,2024-03-29,2024-02-02,2024-11-02,124,211.22
240329CC,8068700962471,2024-03-29,2023-10-24,2024-05-01,138,227.61
240329CD,3922480347697,2024-03-29,2024-01-25,2025-12-28,442,263.63
240329CE,9099746266551,2024-03-29,2024-02-12,2025-09-27,497,317.41
240922EA,1319495204239,2024-09-22,2024-04-17,2026-01-22,359,365.4
240922EB,5112203895591,2024-09-22,2024-06-25,2024-11-17,181,69.43
240922EC,5966087203573,2024-09-22,2024-05-05,2024-06-21,64,369.64
240110CA,3046223091366,2024-01-10,2023-09-14,2025-04-07,338,235.24
240120BA,5112203895591,2024-01-20,2023-08-22,2025-01-31,131,57.67
240120BB,7538675410397,2024-01-20,2023-08-26,2024-10-13,58,189.27
240726DA,3922480347697,2024-07-26,2024-02-12,2025-12-17,369,230.87
240417BA,1081846168108,2024-04-17,2024-02-01,2025-05-11,218,368.21
240417BB,1110475018705,2024-04-17,2023-12-18,2024-06-22,109,55.84
240417BC,7534112261015,2024-04-17,2024-02-14,2025-01-12,102,185.56
240417BD,9099746266551,2024-04-17,2024-03-08,2026-02-14,371,283.21
240417BE,1319495204239,2024-04-17,2023-10-23,2024-08-28,71,402.26
240323EA,1374644357806,2024-03-23,2023-10-01,2024-09-21,184,141.98
240323EB,9550889811760,2024-03-23,2023-10-09,2025-09-08,454,424.09
240323EC,6874779065864,2024-03-23,2023-11-14,2024-01-28,477,362.16
240206BA,2005707746631,2024-02-06,2024-01-05,2025-03-02,287,321.1
240206BB,3270110394259,2024-02-06,2023-12-05,2024-07-19,153,227.36
240206BC,2081796341037,2024-02-06,2023-11-14,2024-07-24,190,154.27
240206BD,3922480347697,2024-02-06,2023-08-21,2025-08-10,477,260.15
240206BE,8650517934553,2024-02-06,2023-11-15,2024-02-10,157,262.96
240714DA,5334981206381,2024-07-14,2024-05-10,2026-02-01,351,281.95
240714DB,1440710811309,2024-07-14,2024-02-15,2024-07-22,398,19.79
240714DC,9679955033493,2024-07-14,2024-02-14,2024-03-29,174,26.35
240714DD,9133603908014,2024-07-14,2024-04-09,2024-10-24,134,294.77
240714DE,7909647285748,2024-07-14,2024-03-27,2025-01-30,329,365.77
240818AA,9550889811760,2024-08-18,2024-02-28,2024-10-05,70,402.79
240818AB,1440710811309,2024-08-18,2024-06-18,2024-12-11,137,22.65
240818AC,7009664627837,2024-08-18,2024-03-05,2026-02-20,490,227.58
240818AD,9341222702392,2024-08-18,2024-06-01,2025-02-27,57,162.44
240323DA,3270110394259,2024-03-23,2023-11-10,2024-07-23,102,180.29
240911DA,9366403560281,2024-09-11,2024-03-17,2025-06-17,410,352.96
240911DB,1110475018705,2024-09-11,2024-05-08,2025-02-14,129,56.35
240331CA,7477584351590,2024-03-31,2024-02-17,2024-08-02,454,243.0
240331CB,3019733334840,2024-03-31,2024-02-23,2025-05-17,191,102.16
240331CC,2764870889303,2024-03-31,2024-01-28,2024-05-24,174,378.22
240331CD,9341222702392,2024-03-31,2023-12-21,2025-05-26,131,173.16
240321EA,9133603908014,2024-03-21,2023-10-01,2025-03-05,158,257.43
240321EB,4651387619190,2024-03-21,2023-10-06,2024-11-06,499,160.69
240321EC,8060776080538,2024-03-21,2024-01-17,2024-08-07,391,357.79
240822EA,8295015923248,2024-08-22,2024-05-23,2025-12-07,152,381.13
240822EB,9882839546088,2024-08-22,2024-05-26,2025-02-18,394,152.97
240129EA,2646305542863,2024-01-29,2023-09-22,2025-08-01,88,74.27
240129EB,7009664627837,2024-01-29,2023-09-18,2024-05-30,422,177.99
240715AA,3442852944505,2024-07-15,2024-01-31,2024-05-07,352,195.33
240715AB,9320526500374,2024-07-15,2024-03-19,2024-12-13,382,170.77
240715AC,7534112261015,2024-07-15,2024-01-26,2025-05-18,337,180.71
240718AA,4264705587768,2024-07-18,2024-02-19,2025-08-19,205,184.8
240718AB,9099746266551,2024-07-18,2024-05-18,2025-05-10,498,395.84
240718AC,7477584351590,2024-07-18,2024-05-15,2024-12-02,226,238.52
240210EA,9882839546088,2024-02-10,2023-11-05,2025-03-01,202,189.49
240210EB,5573515979800,2024-02-10,2023-10-01,2024-05-09,430,179.06
240210EC,3922480347697,2024-02-10,2023-10-10,2024-12-22,69,213.12
240210ED,3270110394259,2024-02-10,2023-08-15,2024-02-03,266,197.27
240501EA,3348353436381,2024-05-01,2024-02-24,2025-06-01,296,217.79
240501EB,1885386949733,2024-05-01,2024-02-19,2024-04-21,460,35.68
240501EC,5966087203573,2024-05-01,2024-01-31,2025-02-27,149,307.95
240501ED,3348353436381,2024-05-01,2023-12-20,2024-09-10,372,241.37
240227BA,9366403560281,2024-02-27,2023-10-11,2025-02-11,195,275.41
240227BB,7784851719923,2024-02-27,2023-12-29,2024-06-24,446,14.52
240919AA,7534112261015,2024-09-19,2024-07-09,2026-02-18,419,208.26
240919AB,2668380592920,2024-09-19,2024-03-28,2025-01-07,433,265.4
240511BA,4887387328514,2024-05-11,2024-01-02,2024-10-12,59,45.95
240511BB,1110475018705,2024-05-11,2024-02-25,2025-05-26,183,62.37
240627EA,2764870889303,2024-06-27,2024-03-05,2025-11-09,410,349.06
240627EB,7477584351590,2024-06-27,2024-02-24,2024-04-03,143,209.44
240627EC,1530281751828,2024-06-27,2024-01-25,2025-12-14,108,125.9
240627ED,2168494776151,2024-06-27,2024-04-17,2026-02-25,483,243.74
240627EE,1904792486473,2024-06-27,2024-04-12,2025-09-22,395,404.35
240424EA,9679955033493,2024-04-24,2024-02-03,2025-01-15,456,24.32
240424EB,1366803933780,2024-04-24,2024-01-15,2024-03-08,151,188.22
240424EC,1366803933780,2024-04-24,2023-11-10,2025-01-22,445,184.07
240424ED,6695212836394,2024-04-24,2024-01-13,2025-09-19,316,311.45
240424EE,5334981206381,2024-04-24,2023-11-29,2025-08-29,449,278.11
240317EA,4426249772873,2024-03-17,2024-01-12,2025-07-22,246,42.55
240317EB,7784851719923,2024-03-17,2023-11-22,2024-04-29,191,19.34
240602DA,7477584351590,2024-06-02,2023-12-21,2025-10-01,429,195.95
240602DB,9471443645365,2024-06-02,2023-12-14,2024-06-08,240,360.94
240602DC,6695212836394,2024-06-02,2023-12-06,2024-08-16,361,269.77
241029DA,9366403560281,2024-10-29,2024-08-21,2025-06-10,293,285.03
241029DB,4651387619190,2024-10-29,2024-07-17,2025-06-08,288,162.54
240308BA,3046223091366,2024-03-08,2023-11-16,2025-06-10,493,232.6
240308BB,1110475018705,2024-03-08,2023-10-17,2024-10-04,181,71.84
240308BC,1366803933780,2024-03-08,2023-12-15,2025-05-17,452,175.77
240308BD,5112203895591,2024-03-08,2024-01-17,2025-10-26,314,75.3
240308BE,2668380592920,2024-03-08,2023-12-27,2025-11-20,156,360.35
241226BA,4852979716602,2024-12-26,2024-07-26,2024-11-20,72,41.12
241226BB,1110475018705,2024-12-26,2024-07-24,2026-02-10,62,66.75
240912EA,3046223091366,2024-09-12,2024-08-11,2025-04-27,316,231.74
240912EB,9679955033493,2024-09-12,2024-06-21,2026-03-29,203,24.6
241020AA,6079913241894,2024-10-20,2024-06-03,2024-12-14,403,403.65
241020AB,7534112261015,2024-10-20,2024-06-01,2025-04-03,396,193.31
241020AC,2676489428461,2024-10-20,2024-05-25,2025-08-17,113,50.77
240821CA,5112203895591,2024-08-21,2024-03-19,2024-10-28,380,74.65
240322EA,6400454451965,2024-03-22,2024-02-14,2025-07-27,346,287.31
240322EB,5573515979800,2024-03-22,2024-02-01,2024-05-09,261,176.73
240322EC,4264705587768,2024-03-22,2023-10-05,2024-06-28,274,271.22
240322ED,5112203895591,2024-03-22,2023-12-14,2025-09-12,169,59.19
240322EE,2764870889303,2024-03-22,2024-01-12,2025-09-23,210,312.55
240112CA,2668380592920,2024-01-12,2023-08-21,2025-05-29,357,266.58
240112CB,9341222702392,2024-01-12,2023-08-06,2023-11-29,397,153.69
240729AA,9792841352355,2024-07-29,2024-03-06,2025-06-24,138,50.5
240729AB,7538675410397,2024-07-29,2024-02-11,2025-08-13,82,182.23
240729AC,2974785865598,2024-07-29,2024-03-10,2026-02-17,248,274.77
240729AD,7442652072221,2024-07-29,2024-06-29,2024-12-15,374,239.86
240518EA,5723787941699,2024-05-18,2024-01-01,2025-08-05,134,250.92
240518EB,2081796341037,2024-05-18,2024-02-11,2024-10-31,145,166.03
241126AA,5524031117940,2024-11-26,2024-10-06,2025-05-04,256,272.28
241126AB,8952577124826,2024-11-26,2024-07-09,2026-04-26,396,72.93
241126AC,7111402598169,2024-11-26,2024-10-17,2025-10-16,223,167.57
240708BA,6695212836394,2024-07-08,2024-02-13,2024-09-24,214,306.29
240708BB,7538675410397,2024-07-08,2024-04-30,2024-05-31,483,134.51
240708BC,9320526500374,2024-07-08,2024-04-05,2024-07-26,433,159.53
240708BD,5524031117940,2024-07-08,2024-05-28,2024-12-23,266,235.69
240708BE,9679955033493,2024-07-08,2024-05-12,2024-07-01,313,22.62
240306BA,3922480347697,2024-03-06,2023-12-14,2024-04-15,202,239.99
240306BB,9679955033493,2024-03-06,2023-11-24,2024-03-04,396,24.15
240714AA,9882839546088,2024-07-14,2024-04-20,2026-04-14,305,165.42
240714AB,7534112261015,2024-07-14,2024-01-22,2025-05-16,129,251.5
240714AC,9679955033493,2024-07-14,2024-04-17,2024-10-10,104,19.6
240714AD,8295015923248,2024-07-14,2024-03-24,2026-01-02,133,411.89
240714AE,3046223091366,2024-07-14,2024-02-23,2025-10-21,215,292.77
240112CA,3270110394259,2024-01-12,2023-11-19,2025-05-21,357,240.6
240112CB,7477584351590,2024-01-12,2023-11-09,2025-01-24,111,201.52
240301EA,1319495204239,2024-03-01,2024-01-08,2024-03-01,386,350.29
240301EB,1440710811309,2024-03-01,2023-09-09,2025-08-26,261,17.69
240301EC,9320526500374,2024-03-01,2023-12-05,2024-09-30,343,138.12
240301ED,4799124724315,2024-03-01,2023-09-18,2024-09-08,301,140.3
240226AA,2974785865598,2024-02-26,2024-01-01,2025-08-22,102,222.11
240504EA,7909647285748,2024-05-04,2024-01-23,2024-12-06,62,328.58
240504EB,7784851719923,2024-05-04,2023-11-10,2025-07-29,346,14.17
240504EC,4887387328514,2024-05-04,2024-03-19,2025-01-28,497,51.3
240504ED,7909647285748,2024-05-04,2024-03-13,2024-06-16,399,282.4
240504EE,6079913241894,2024-05-04,2023-11-26,2025-07-27,238,351.76
241227AA,7534112261015,2024-12-27,2024-08-17,2026-03-19,352,180.64
241227AB,8562587170545,2024-12-27,2024-09-05,2026-02-16,126,209.95
240221AA,8295015923248,2024-02-21,2024-01-06,2025-08-25,214,320.4
240221AB,4887387328514,2024-02-21,2024-01-03,2025-10-02,324,41.72
240221AC,7438552944490,2024-02-21,2023-09-17,2025-03-23,51,144.21
240221AD,8493556002921,2024-02-21,2023-10-03,2024-01-22,399,292.12
240929CA,3801660182303,2024-09-29,2024-08-09,2026-03-05,56,315.66
240929CB,4266329572283,2024-09-29,2024-05-14,2025-02-21,263,440.12
240929CC,7111402598169,2024-09-29,2024-06-01,2024-10-26,359,187.4
240929CD,1319495204239,2024-09-29,2024-08-07,2025-01-16,221,336.64
240503DA,7118631998839,2024-05-03,2024-01-17,2025-07-22,347,82.46
241129AA,3348353436381,2024-11-29,2024-10-24,2026-04-25,235,276.66
241129AB,4852979716602,2024-11-29,2024-08-24,2025-02-24,53,33.6
240212CA,2764870889303,2024-02-12,2023-12-04,2025-07-27,170,422.2
240212CB,4887387328514,2024-02-12,2023-10-09,2025-06-27,127,42.54
240101CA,5524031117940,2024-01-01,2023-07-28,2024-08-14,476,217.67
240101CB,2974785865598,2024-01-01,2023-10-31,2024-06-21,214,266.64
240101CC,6079913241894,2024-01-01,2023-10-04,2024-09-17,369,317.22
240101CD,8493556002921,2024-01-01,2023-09-09,2025-06-02,410,270.05
240116CA,1319495204239,2024-01-16,2023-10-02,2024-02-21,145,332.14
240116CB,7417081143053,2024-01-16,2023-07-28,2024-07-16,356,40.1
240116CC,9133603908014,2024-01-16,2023-10-01,2024-07-13,453,312.87
241029AA,9471443645365,2024-10-29,2024-09-19,2026-02-05,434,381.71
241029AB,3922480347697,2024-10-29,2024-06-27,2024-08-07,397,268.11
241029AC,1489716693439,2024-10-29,2024-07-26,2025-02-17,182,242.51
241029AD,4266329572283,2024-10-29,2024-07-07,2025-04-12,57,438.31
240815CA,1440710811309,2024-08-15,2024-07-16,2025-02-14,129,20.25
241109EA,2005707746631,2024-11-09,2024-06-22,2026-05-15,264,408.55
241109EB,8650517934553,2024-11-09,2024-08-17,2025-06-14,347,259.63
240424AA,3442852944505,2024-04-24,2023-10-27,2024-04-27,177,145.96
241223DA,9471443645365,2024-12-23,2024-08-06,2025-02-11,82,442.27
241223DB,7417081143053,2024-12-23,2024-10-22,2025-08-17,107,29.75
241223DC,3348353436381,2024-12-23,2024-07-18,2024-09-19,302,228.12
241223DD,8952577124826,2024-12-23,2024-09-29,2025-09-02,358,73.05
241223DE,2668380592920,2024-12-23,2024-11-02,2025-06-01,368,264.69
240906DA,8952577124826,2024-09-06,2024-06-27,2024-12-18,88,68.09
241025DA,8650517934553,2024-10-25,2024-08-07,2025-11-23,203,229.84
241025DB,1440710811309,2024-10-25,2024-07-03,2024-09-17,375,19.09
241025DC,8650517934553,2024-10-25,2024-08-25,2025-10-26,411,256.35
241025DD,7438552944490,2024-10-25,2024-08-18,2024-10-16,275,169.51
240323BA,1530281751828,2024-03-23,2023-10-12,2025-07-23,411,116.08
240323BB,1887140245119,2024-03-23,2024-01-28,2025-01-13,152,42.68
240323BC,1374644357806,2024-03-23,2023-12-24,2024-12-09,244,137.22
240418DA,4887387328514,2024-04-18,2023-12-17,2024-08-19,92,36.16
240418DB,5524031117940,2024-04-18,2024-02-29,2024-09-09,389,202.68
240418DC,5966087203573,2024-04-18,2023-11-30,2024-03-18,68,293.66
240418DD,6768130244551,2024-04-18,2024-03-02,2026-02-17,138,302.28
240418DE,7417081143053,2024-04-18,2023-11-15,2024-07-23,254,31.73
240423DA,1887140245119,2024-04-23,2024-01-14,2025-11-18,198,33.28
240425EA,9792841352355,2024-04-25,2024-02-08,2025-05-10,492,46.96
240425EB,1904792486473,2024-04-25,2023-10-31,2024-09-15,124,344.01
240425EC,2668380592920,2024-04-25,2023-12-04,2025-06-18,461,309.66
240425ED,5756935329189,2024-04-25,2023-12-05,2024-07-29,231,249.12
240425EE,8650517934553,2024-04-25,2023-10-30,2025-05-27,306,256.14
240331CA,5112203895591,2024-03-31,2023-11-03,2025-02-07,312,61.13
240331CB,9341222702392,2024-03-31,2023-11-16,2025-09-22,326,149.35
240331CC,5112203895591,2024-03-31,2023-10-21,2025-03-31,242,57.74
240331CD,6768130244551,2024-03-31,2024-02-22,2025-11-11,125,352.53
240331CE,2974785865598,2024-03-31,2023-11-21,2024-02-22,459,210.19
240405EA,6373646879188,2024-04-05,2024-01-07,2024-11-10,159,246.6
240405EB,7784851719923,2024-04-05,2023-12-20,2024-07-23,107,15.7
240405EC,9882839546088,2024-04-05,2024-01-10,2024-11-25,203,218.95
240630BA,3019733334840,2024-06-30,2024-01-28,2024-12-12,97,126.34
240630BB,3442852944505,2024-06-30,2024-05-07,2024-09-16,224,203.09
240630BC,8060776080538,2024-06-30,2024-02-27,2025-09-30,238,300.74
240630BD,5756935329189,2024-06-30,2024-01-23,2025-02-27,107,265.55
240117DA,2168494776151,2024-01-17,2023-10-25,2024-12-19,424,271.62
240117DB,7111402598169,2024-01-17,2023-12-08,2024-04-15,220,203.24
240117DC,1374644357806,2024-01-17,2023-09-03,2024-10-20,400,164.48
240117DD,9550889811760,2024-01-17,2023-12-14,2024-12-14,129,349.48
240117DE,9320526500374,2024-01-17,2023-12-03,2024-02-12,499,137.95
240724EA,6695212836394,2024-07-24,2024-06-11,2024-09-18,245,311.63
240724EB,3019733334840,2024-07-24,2024-06-23,2024-12-22,424,142.35
240724EC,9133603908014,2024-07-24,2024-03-30,2025-03-02,294,227.97
240724ED,2081796341037,2024-07-24,2024-05-22,2025-01-18,165,170.78
241003CA,1110475018705,2024-10-03,2024-05-29,2025-04-09,428,52.01
240708EA,1904792486473,2024-07-08,2024-02-22,2025-10-16,333,386.38
240923EA,8650517934553,2024-09-23,2024-04-05,2025-04-19,170,273.44
240923EB,8060776080538,2024-09-23,2024-06-04,2024-07-19,227,333.19
240923EC,1366803933780,2024-09-23,2024-07-27,2026-04-06,224,146.16
240923ED,7009664627837,2024-09-23,2024-06-19,2024-12-28,219,224.49
240923EE,3348353436381,2024-09-23,2024-06-27,2025-07-17,235,204.35
240508EA,8118777908898,2024-05-08,2023-11-25,2024-02-13,458,17.57
240508EB,8986011122048,2024-05-08,2024-01-30,2025-09-01,306,110.06
240508EC,1440710811309,2024-05-08,2023-11-11,2025-10-05,346,18.86
240102DA,3442852944505,2024-01-02,2023-11-01,2023-12-18,364,152.63
240102DB,3922480347697,2024-01-02,2023-11-30,2024-01-17,197,295.4
240102DC,5334981206381,2024-01-02,2023-07-15,2024-01-30,180,236.93
240102DD,2676489428461,2024-01-02,2023-08-03,2024-02-29,79,41.81
240102DE,3801660182303,2024-01-02,2023-11-17,2025-08-24,195,233.73
240825EA,7417081143053,2024-08-25,2024-06-06,2026-02-07,114,38.32
240825EB,7442652072221,2024-08-25,2024-06-04,2025-11-15,175,274.13
240928AA,1885386949733,2024-09-28,2024-05-29,2026-05-13,315,37.96
240928AB,5756935329189,2024-09-28,2024-06-07,2026-02-26,419,357.05
240526BA,1921407170452,2024-05-26,2024-02-26,2025-06-23,489,77.07
240320CA,3019733334840,2024-03-20,2024-02-08,2024-05-26,400,123.27
240320CB,9550889811760,2024-03-20,2024-02-16,2025-05-09,287,344.64
240320CC,6874779065864,2024-03-20,2023-12-22,2024-07-29,184,267.14
240320CD,5573515979800,2024-03-20,2024-02-05,2025-07-11,194,212.1
240106AA,9366403560281,2024-01-06,2023-11-07,2025-03-23,271,323.45
240307DA,5524031117940,2024-03-07,2024-02-03,2024-05-16,268,242.15
240307DB,7438552944490,2024-03-07,2023-09-23,2024-02-03,318,155.89
241101EA,6400454451965,2024-11-01,2024-06-18,2025-08-23,154,291.24
241101EB,9133603908014,2024-11-01,2024-06-04,2025-03-21,336,305.92
241217DA,2646305542863,2024-12-17,2024-09-08,2026-07-12,76,52.43
241217DB,5756935329189,2024-12-17,2024-08-10,2025-04-02,378,345.96
240822AA,9471443645365,2024-08-22,2024-02-24,2025-04-14,241,441.38
240822AB,6695212836394,2024-08-22,2024-06-12,2024-08-20,366,292.52
240822AC,9320526500374,2024-08-22,2024-03-18,2024-05-13,174,132.82
240822AD,8493556002921,2024-08-22,2024-04-27,2026-03-23,315,287.42
240620CA,4852979716602,2024-06-20,2024-03-12,2024-10-10,430,42.24
240620CB,1885386949733,2024-06-20,2024-01-19,2025-12-31,226,49.72
240620CC,8986011122048,2024-06-20,2024-01-13,2025-05-11,448,122.6
240803AA,3801660182303,2024-08-03,2024-06-30,2026-06-09,81,277.66
240803AB,8952577124826,2024-08-03,2024-05-30,2025-11-02,193,82.01
240803AC,8118777908898,2024-08-03,2024-03-24,2024-06-28,374,23.28
241104DA,1319495204239,2024-11-04,2024-06-28,2025-08-15,263,358.33
241104DB,6079913241894,2024-11-04,2024-07-12,2024-10-11,148,293.59
241111AA,7909647285748,2024-11-11,2024-07-23,2025-08-27,293,287.58
240101AA,1530281751828,2024-01-01,2023-09-21,2024-04-01,236,153.8
240101AB,4243802214885,2024-01-01,2023-07-12,2024-06-01,326,226.43
240101AC,3801660182303,2024-01-01,2023-09-03,2023-10-15,276,263.33
241029CA,5334981206381,2024-10-29,2024-07-07,2025-09-07,425,232.66
241029CB,5966087203573,2024-10-29,2024-07-14,2026-03-11,283,353.42
241029CC,3801660182303,2024-10-29,2024-09-17,2026-03-28,329,316.26
241029CD,6373646879188,2024-10-29,2024-05-08,2025-11-27,78,219.55
241029CE,1887140245119,2024-10-29,2024-05-28,2025-09-19,190,33.62
240611DA,9882839546088,2024-06-11,2023-12-18,2024-05-29,74,203.05
240611DB,9679955033493,2024-06-11,2024-01-19,2024-11-14,486,24.26
240611DC,1921407170452,2024-06-11,2023-12-28,2024-04-22,496,106.04
240611DD,7442652072221,2024-06-11,2024-01-03,2025-04-06,61,279.25
240406EA,6079913241894,2024-04-06,2023-11-18,2024-10-27,108,353.61
240406EB,9882839546088,2024-04-06,2023-12-05,2025-08-31,326,194.77
240406EC,1489716693439,2024-04-06,2023-12-03,2024-09-12,194,309.6
240406ED,6079913241894,2024-04-06,2023-10-23,2025-08-29,255,402.13
240406EE,2646305542863,2024-04-06,2023-10-21,2024-12-12,68,54.4
240126AA,1440710811309,2024-01-26,2023-08-06,2025-04-22,426,17.59
241018AA,7784851719923,2024-10-18,2024-09-04,2025-05-02,482,18.66
241018AB,5573515979800,2024-10-18,2024-08-19,2024-12-14,351,201.34
241018AC,1319495204239,2024-10-18,2024-05-21,2024-11-29,346,384.66
241018AD,6400454451965,2024-10-18,2024-06-17,2026-05-29,441,358.69
240613EA,1489716693439,2024-06-13,2024-02-09,2025-05-27,499,332.94
240613EB,3046223091366,2024-06-13,2024-01-13,2024-05-20,213,268.53
240613EC,5112203895591,2024-06-13,2024-03-07,2025-06-01,474,76.57
241205DA,7193208938982,2024-12-05,2024-09-02,2026-07-12,122,64.56
241205DB,3046223091366,2024-12-05,2024-09-13,2025-04-16,462,232.26
241205DC,2764870889303,2024-12-05,2024-06-27,2024-11-30,181,406.94
241205DD,2005707746631,2024-12-05,2024-09-28,2025-01-13,430,420.37
241221EA,1319495204239,2024-12-21,2024-09-07,2026-01-17,488,314.99
241221EB,9792841352355,2024-12-21,2024-09-01,2025-12-09,387,50.9
240330AA,3442852944505,2024-03-30,2023-12-01,2025-04-19,194,156.79
240330AB,1319495204239,2024-03-30,2023-10-09,2025-05-22,357,411.56
240711AA,5573515979800,2024-07-11,2024-02-17,2025-12-27,450,213.66
240711AB,8562587170545,2024-07-11,2024-04-28,2025-01-26,466,241.82
240711AC,7477584351590,2024-07-11,2024-01-26,2025-07-18,210,229.57
240711AD,9366403560281,2024-07-11,2024-04-12,2025-02-16,321,353.81
241122AA,9471443645365,2024-11-22,2024-06-08,2025-09-08,436,298.18
241122AB,1440710811309,2024-11-22,2024-10-07,2025-12-01,201,22.37
241122AC,5112203895591,2024-11-22,2024-06-10,2025-04-22,397,71.23
241122AD,1530281751828,2024-11-22,2024-08-25,2025-07-18,155,130.86
241122AE,2168494776151,2024-11-22,2024-08-21,2026-06-09,437,234.94
240423CA,3000161243260,2024-04-23,2023-12-01,2025-06-17,441,172.6
240522DA,4651387619190,2024-05-22,2024-04-10,2025-03-09,359,159.08
240522DB,1110475018705,2024-05-22,2024-03-23,2025-10-09,120,73.93
240522DC,2974785865598,2024-05-22,2024-01-25,2025-08-29,105,267.65
240522DD,9679955033493,2024-05-22,2024-04-16,2026-01-23,499,23.63
240401AA,9550889811760,2024-04-01,2023-12-26,2024-12-03,60,329.93
240401AB,7534112261015,2024-04-01,2024-01-22,2025-09-01,230,229.11
240401AC,7909647285748,2024-04-01,2024-02-27,2024-09-20,232,309.61
240401AD,6079913241894,2024-04-01,2024-02-26,2024-05-02,207,377.07
240710AA,3348353436381,2024-07-10,2024-03-08,2024-07-20,320,298.14
240710AB,8295015923248,2024-07-10,2024-02-18,2025-07-19,439,294.98
241217DA,5966087203573,2024-12-17,2024-09-17,2024-12-10,486,397.27
241217DB,4887387328514,2024-12-17,2024-06-26,2026-04-17,197,44.49
241217DC,8493556002921,2024-12-17,2024-08-01,2024-12-02,379,347.84
241217DD,6373646879188,2024-12-17,2024-10-30,2025-06-15,293,237.09
241217DE,7442652072221,2024-12-17,2024-07-05,2026-04-03,390,240.83
241221EA,6079913241894,2024-12-21,2024-08-08,2026-06-14,285,341.76
241221EB,7417081143053,2024-12-21,2024-08-19,2024-12-13,187,41.18
241221EC,5723787941699,2024-12-21,2024-11-09,2025-04-15,50,184.92
241227BA,3270110394259,2024-12-27,2024-07-10,2025-08-03,496,187.53
241227BB,9882839546088,2024-12-27,2024-09-04,2024-12-18,373,164.42
241227BC,1530281751828,2024-12-27,2024-11-24,2026-09-20,258,116.55
241227BD,5573515979800,2024-12-27,2024-07-24,2024-09-14,188,195.45
241227BE,8068700962471,2024-12-27,2024-07-22,2026-04-03,194,213.47
241202AA,8295015923248,2024-12-02,2024-09-10,2025-09-01,159,389.5
240806BA,4264705587768,2024-08-06,2024-06-11,2026-03-10,164,221.55
240806BB,2676489428461,2024-08-06,2024-03-05,2024-05-11,388,50.25
240806BC,9320526500374,2024-08-06,2024-03-27,2025-07-31,66,150.23
240806BD,9341222702392,2024-08-06,2024-07-07,2025-04-18,306,169.63
240824AA,1110475018705,2024-08-24,2024-06-07,2024-09-02,368,58.8
240824AB,7534112261015,2024-08-24,2024-03-11,2025-03-28,349,256.51
240824AC,5334981206381,2024-08-24,2024-05-11,2024-10-04,265,263.54
240824AD,4651387619190,2024-08-24,2024-05-27,2025-09-20,322,122.44
240824AE,9320526500374,2024-08-24,2024-03-09,2025-04-02,378,136.3
240702DA,7193208938982,2024-07-02,2024-04-23,2026-03-12,414,61.39
240702DB,2676489428461,2024-07-02,2024-03-08,2024-06-09,258,43.09
240702DC,6695212836394,2024-07-02,2024-05-09,2026-01-03,325,243.21
240421AA,7784851719923,2024-04-21,2023-11-14,2025-10-07,195,16.43
240421AB,7438552944490,2024-04-21,2023-12-12,2025-05-15,398,142.53
240421AC,8952577124826,2024-04-21,2023-11-25,2024-11-11,339,90.1
240630BA,6768130244551,2024-06-30,2024-03-23,2026-03-18,366,291.5
241001BA,7009664627837,2024-10-01,2024-08-09,2025-08-30,379,190.63
240825EA,2168494776151,2024-08-25,2024-05-16,2024-11-18,399,240.91
240825EB,9320526500374,2024-08-25,2024-03-25,2025-05-19,206,155.3
240825EC,9341222702392,2024-08-25,2024-05-13,2026-03-31,300,154.43
240825ED,4799124724315,2024-08-25,2024-06-17,2026-01-20,346,150.65
240825EE,1081846168108,2024-08-25,2024-06-09,2025-09-03,462,278.63
240913AA,9133603908014,2024-09-13,2024-05-24,2024-09-19,209,280.5
241122EA,7009664627837,2024-11-22,2024-09-02,2025-09-30,193,230.36
241122EB,2764870889303,2024-11-22,2024-06-15,2024-10-01,320,389.26
241122EC,9882839546088,2024-11-22,2024-06-08,2024-10-03,228,149.56
240322DA,5112203895591,2024-03-22,2024-01-16,2025-12-09,129,79.36
240322DB,8118777908898,2024-03-22,2024-02-03,2025-11-07,435,21.42
240322DC,1885386949733,2024-03-22,2024-01-18,2025-02-12,395,42.79
240322DD,9792841352355,2024-03-22,2024-02-02,2024-07-30,158,49.31
240408EA,6079913241894,2024-04-08,2023-12-30,2025-10-17,413,385.6
240408EB,9882839546088,2024-04-08,2024-02-08,2025-01-27,108,149.18
240819BA,3442852944505,2024-08-19,2024-06-06,2026-04-27,420,163.99
240819BB,9133603908014,2024-08-19,2024-05-15,2024-12-09,245,296.16
240819BC,4887387328514,2024-08-19,2024-05-04,2025-06-20,335,37.54
241231BA,4266329572283,2024-12-31,2024-09-04,2026-01-06,222,410.41
241231BB,7009664627837,2024-12-31,2024-10-04,2026-06-07,318,259.09
240615EA,3000161243260,2024-06-15,2024-03-15,2024-11-07,198,159.9
240615EB,2668380592920,2024-06-15,2024-04-10,2025-12-15,427,334.84
240615EC,5656234314111,2024-06-15,2024-04-30,2026-04-07,412,430.39
240615ED,3000161243260,2024-06-15,2024-05-01,2024-10-01,245,201.66
240817AA,5524031117940,2024-08-17,2024-05-06,2025-03-25,332,257.47
240817AB,4264705587768,2024-08-17,2024-05-10,2026-04-06,248,272.05
240107DA,6400454451965,2024-01-07,2023-08-20,2025-07-01,76,259.77
240311AA,9133603908014,2024-03-11,2023-10-07,2024-02-23,421,304.73
241002DA,2646305542863,2024-10-02,2024-06-30,2025-02-02,84,54.28
241002DB,7477584351590,2024-10-02,2024-07-19,2026-01-10,123,217.09
241002DC,1319495204239,2024-10-02,2024-07-22,2026-02-08,218,324.05
240603DA,5756935329189,2024-06-03,2024-03-21,2024-08-28,114,351.6
240603DB,3270110394259,2024-06-03,2023-12-14,2025-11-03,220,175.74
240603DC,1319495204239,2024-06-03,2024-02-01,2025-09-24,123,411.02
240603DD,3801660182303,2024-06-03,2024-02-20,2025-09-06,495,280.12
240603DE,7909647285748,2024-06-03,2024-02-01,2025-09-14,246,374.84
240726BA,2974785865598,2024-07-26,2024-03-17,2024-11-15,262,275.47
240726BB,4799124724315,2024-07-26,2024-04-03,2026-01-22,343,116.19
240617DA,9471443645365,2024-06-17,2024-01-20,2024-05-28,248,305.72
240617DB,5723787941699,2024-06-17,2024-02-29,2025-10-26,208,219.99
240617DC,3348353436381,2024-06-17,2024-02-18,2025-10-31,61,281.58
240712AA,9320526500374,2024-07-12,2024-03-05,2024-05-16,318,186.07
240712AB,2668380592920,2024-07-12,2024-06-02,2024-11-19,378,313.35
240712AC,1366803933780,2024-07-12,2024-05-14,2025-06-12,396,143.9
240712AD,4852979716602,2024-07-12,2024-02-15,2025-12-30,176,35.37
240527DA,6400454451965,2024-05-27,2024-01-19,2025-04-15,288,302.75
240527DB,4264705587768,2024-05-27,2024-01-17,2024-12-10,384,236.4
241226DA,9471443645365,2024-12-26,2024-07-26,2025-04-12,62,323.71
241226DB,5656234314111,2024-12-26,2024-10-01,2025-11-07,54,316.59
241226DC,3270110394259,2024-12-26,2024-10-28,2026-10-16,206,169.53
241226DD,7784851719923,2024-12-26,2024-08-02,2026-03-06,101,13.02
241226DE,7438552944490,2024-12-26,2024-09-16,2025-12-26,399,135.78
240403EA,1530281751828,2024-04-03,2023-12-05,2024-11-19,233,116.76
240403EB,1489716693439,2024-04-03,2024-01-15,2025-11-15,376,239.66
240403EC,1110475018705,2024-04-03,2024-02-25,2025-12-10,151,53.82
240403ED,8650517934553,2024-04-03,2024-02-04,2025-01-31,358,223.13
240325DA,9133603908014,2024-03-25,2024-01-07,2025-01-30,174,282.85
240325DB,1081846168108,2024-03-25,2024-02-22,2024-05-19,217,280.47
240325DC,7909647285748,2024-03-25,2023-10-09,2024-10-29,122,303.84
240325DD,8952577124826,2024-03-25,2023-12-30,2025-02-14,214,81.31
241220EA,1081846168108,2024-12-20,2024-06-26,2024-10-07,401,268.55
241220EB,1887140245119,2024-12-20,2024-10-03,2025-03-02,431,42.11
240508CA,4426249772873,2024-05-08,2023-12-15,2025-04-14,96,34.48
240508CB,5656234314111,2024-05-08,2024-03-22,2026-01-18,430,429.67
240623BA,1319495204239,2024-06-23,2024-01-03,2025-12-14,497,410.76
240623BB,6400454451965,2024-06-23,2023-12-29,2024-05-14,352,266.43
240415EA,7417081143053,2024-04-15,2023-11-24,2025-08-15,480,35.47
240714DA,7442652072221,2024-07-14,2024-01-29,2025-08-26,462,200.89
240331CA,4266329572283,2024-03-31,2023-11-21,2024-12-16,50,315.49
240331CB,8952577124826,2024-03-31,2023-11-29,2024-01-15,263,86.21
240331CC,1110475018705,2024-03-31,2023-10-18,2024-02-21,427,61.72
240331CD,1489716693439,2024-03-31,2024-01-04,2024-12-01,100,262.83
240520DA,7534112261015,2024-05-20,2024-02-22,2024-08-17,262,198.02
240520DB,9133603908014,2024-05-20,2024-03-02,2024-11-25,92,313.13
240109BA,5573515979800,2024-01-09,2023-11-26,2025-03-27,290,237.3
240109BB,6373646879188,2024-01-09,2023-09-15,2024-01-24,431,178.97
240109BC,9320526500374,2024-01-09,2023-09-29,2024-10-11,371,140.48
240109BD,6874779065864,2024-01-09,2023-07-28,2024-01-26,72,283.78
240109BE,2646305542863,2024-01-09,2023-07-19,2025-03-30,422,71.98
241202DA,7477584351590,2024-12-02,2024-10-14,2025-11-14,197,251.19
241110AA,6079913241894,2024-11-10,2024-09-04,2025-06-28,296,348.37
241110AB,1374644357806,2024-11-10,2024-09-28,2025-05-16,430,181.78
241110AC,2646305542863,2024-11-10,2024-09-10,2025-01-09,78,51.23
241110AD,7193208938982,2024-11-10,2024-05-26,2024-07-09,215,61.48
240418CA,9792841352355,2024-04-18,2024-01-18,2024-10-15,218,64.16
240418CB,4266329572283,2024-04-18,2024-03-17,2024-11-18,133,332.35
240416CA,7193208938982,2024-04-16,2024-02-01,2025-07-16,362,61.88
240906EA,7417081143053,2024-09-06,2024-08-04,2024-11-14,308,34.18
240906EB,7438552944490,2024-09-06,2024-04-25,2024-07-23,277,169.1
240906EC,6768130244551,2024-09-06,2024-03-18,2025-02-06,228,294.01
240518AA,9679955033493,2024-05-18,2024-02-17,2024-09-03,259,24.8
240518AB,7009664627837,2024-05-18,2024-04-12,2025-11-15,391,242.92
240402DA,4852979716602,2024-04-02,2024-01-12,2025-01-30,291,46.3
240402DB,8060776080538,2024-04-02,2024-01-15,2025-01-04,334,352.5
240402DC,2974785865598,2024-04-02,2024-01-19,2025-11-08,464,219.12
240824BA,4264705587768,2024-08-24,2024-03-23,2025-07-16,357,266.35
240824BB,8562587170545,2024-08-24,2024-05-01,2025-11-08,66,294.65
240824BC,2668380592920,2024-08-24,2024-06-21,2025-09-12,270,259.42
240824BD,8952577124826,2024-08-24,2024-04-14,2025-09-17,417,80.31
240824BE,4887387328514,2024-08-24,2024-04-09,2024-05-26,299,48.81
240814EA,2168494776151,2024-08-14,2024-06-12,2025-02-12,89,235.98
240814EB,1904792486473,2024-08-14,2024-06-29,2024-08-20,94,359.75
240319AA,7534112261015,2024-03-19,2024-02-03,2025-01-21,136,246.09
240826EA,7009664627837,2024-08-26,2024-06-09,2026-03-23,299,196.6
240519AA,4852979716602,2024-05-19,2024-02-28,2024-09-15,395,43.27
240213BA,1319495204239,2024-02-13,2023-10-07,2024-11-01,50,381.23
240213BB,1081846168108,2024-02-13,2024-01-10,2024-07-06,129,260.49
240213BC,8118777908898,2024-02-13,2023-09-02,2024-01-08,86,18.81
240213BD,8118777908898,2024-02-13,2023-11-20,2024-07-15,115,24.95
240213BE,7118631998839,2024-02-13,2023-10-07,2025-06-29,291,69.58
240402AA,9320526500374,2024-04-02,2023-10-17,2025-04-09,397,161.62
240402AB,2005707746631,2024-04-02,2023-12-08,2025-03-21,239,352.27
240402AC,5112203895591,2024-04-02,2023-12-31,2024-04-15,298,75.83
240402AD,5656234314111,2024-04-02,2023-11-08,2024-10-27,301,322.56
240402AE,7009664627837,2024-04-02,2023-11-10,2024-01-06,273,230.35
241009BA,7534112261015,2024-10-09,2024-07-30,2025-12-02,179,234.52
241009BB,3348353436381,2024-10-09,2024-08-23,2025-11-24,233,303.22
241009BC,5723787941699,2024-10-09,2024-05-17,2026-05-01,354,212.61
240926AA,6695212836394,2024-09-26,2024-05-08,2025-08-12,174,257.99
240926AB,8493556002921,2024-09-26,2024-06-29,2024-10-27,113,321.27
240420CA,7538675410397,2024-04-20,2024-03-15,2024-06-12,156,144.98
240420CB,9792841352355,2024-04-20,2024-01-17,2024-10-08,429,58.13
240420CC,2668380592920,2024-04-20,2023-11-09,2024-02-02,314,331.16
240420CD,1885386949733,2024-04-20,2023-11-19,2024-10-14,58,47.03
240215DA,3801660182303,2024-02-15,2023-11-22,2024-07-21,109,285.56
240215DB,6400454451965,2024-02-15,2023-09-14,2025-04-30,217,338.7
240215DC,2168494776151,2024-02-15,2023-08-26,2024-10-11,207,253.14
240305EA,1440710811309,2024-03-05,2024-02-02,2024-07-27,250,22.29
240305EB,7442652072221,2024-03-05,2023-12-23,2025-12-14,282,264.55
240305EC,9366403560281,2024-03-05,2023-12-30,2024-11-10,397,245.27
240305ED,9679955033493,2024-03-05,2023-12-27,2024-09-27,149,21.08
240320BA,7118631998839,2024-03-20,2024-01-17,2025-11-12,442,102.26
240320BB,2168494776151,2024-03-20,2023-10-12,2024-11-20,467,201.75
240320BC,1887140245119,2024-03-20,2023-12-31,2024-03-25,110,41.58
240320BD,9133603908014,2024-03-20,2024-01-30,2025-01-21,497,273.66
240320BE,3801660182303,2024-03-20,2024-01-06,2025-05-27,245,256.21
240323BA,9099746266551,2024-03-23,2024-02-15,2025-04-20,153,395.37
240323BB,7442652072221,2024-03-23,2023-11-03,2024-02-10,78,276.04
240323BC,2081796341037,2024-03-23,2023-11-28,2024-12-18,249,130.8
240323BD,1887140245119,2024-03-23,2024-01-14,2025-05-20,354,37.19
240323BE,7118631998839,2024-03-23,2023-10-03,2024-07-06,362,89.35
240620EA,1489716693439,2024-06-20,2024-02-06,2025-01-29,358,304.07
240620EB,1530281751828,2024-06-20,2024-01-17,2025-09-10,421,126.72
240620EC,1489716693439,2024-06-20,2024-01-04,2025-03-07,324,276.56
240620ED,9320526500374,2024-06-20,2024-04-15,2025-08-01,161,147.72
240901CA,1319495204239,2024-09-01,2024-06-11,2025-12-27,160,340.09
240531BA,8068700962471,2024-05-31,2024-04-24,2024-12-01,490,277.29
240531BB,9550889811760,2024-05-31,2024-01-01,2025-09-10,398,414.5
240531BC,9366403560281,2024-05-31,2024-02-03,2024-08-07,104,268.37
240116BA,5723787941699,2024-01-16,2023-11-28,2025-11-22,348,215.29
240116BB,6695212836394,2024-01-16,2023-08-05,2024-02-22,446,244.41
241229AA,4264705587768,2024-12-29,2024-08-22,2026-06-19,241,215.11
241229AB,9320526500374,2024-12-29,2024-09-05,2025-03-25,478,136.0
240127DA,9341222702392,2024-01-27,2023-08-08,2024-04-09,220,151.35
240127DB,2081796341037,2024-01-27,2023-12-20,2024-02-10,78,172.32
240127DC,8493556002921,2024-01-27,2023-11-22,2025-09-07,401,331.02
240629AA,7417081143053,2024-06-29,2024-05-13,2025-04-16,325,35.16
240629AB,2668380592920,2024-06-29,2024-05-18,2026-05-18,136,350.58
240629AC,2081796341037,2024-06-29,2024-05-16,2025-01-25,77,141.84
240629AD,3000161243260,2024-06-29,2024-03-04,2024-06-26,87,207.11
240326BA,6079913241894,2024-03-26,2023-11-29,2024-06-03,121,335.67
241106EA,6695212836394,2024-11-06,2024-08-15,2025-08-27,316,251.14
241106EB,4852979716602,2024-11-06,2024-10-01,2025-02-20,334,37.36
240328AA,5966087203573,2024-03-28,2023-12-02,2024-10-08,472,399.53
240328AB,8952577124826,2024-03-28,2024-01-16,2026-01-13,137,87.46
240328AC,7909647285748,2024-03-28,2023-10-18,2025-01-29,169,339.84
240328AD,1440710811309,2024-03-28,2023-12-10,2025-11-13,100,18.81
240328AE,1489716693439,2024-03-28,2023-12-01,2024-09-21,296,328.68
240521CA,8118777908898,2024-05-21,2024-03-04,2025-04-14,254,19.95
240521CB,5573515979800,2024-05-21,2024-03-31,2024-07-19,288,245.01
240521CC,3019733334840,2024-05-21,2024-01-18,2024-04-23,393,141.75
240521CD,4852979716602,2024-05-21,2024-01-12,2025-02-23,193,36.94
241118EA,1319495204239,2024-11-18,2024-07-28,2026-07-28,263,391.27
240119BA,3019733334840,2024-01-19,2023-07-27,2025-03-23,124,143.75
240119BB,1366803933780,2024-01-19,2023-07-24,2024-09-06,141,172.76
240119BC,4887387328514,2024-01-19,2023-07-28,2024-02-26,454,47.39
240106CA,5656234314111,2024-01-06,2023-09-13,2023-11-25,144,352.25
240822BA,9882839546088,2024-08-22,2024-04-24,2025-11-16,479,190.76
240822BB,5334981206381,2024-08-22,2024-05-02,2026-02-08,179,263.35
240629EA,7111402598169,2024-06-29,2024-03-27,2025-04-16,257,194.78
240629EB,4852979716602,2024-06-29,2024-03-02,2026-03-01,349,32.14
240629EC,7009664627837,2024-06-29,2024-02-13,2025-09-13,118,255.08
240629ED,2646305542863,2024-06-29,2024-04-16,2024-05-17,364,55.02
240117DA,7111402598169,2024-01-17,2023-08-04,2025-07-28,297,207.85
240527DA,8493556002921,2024-05-27,2023-12-04,2024-12-02,341,339.64
240527DB,6079913241894,2024-05-27,2024-01-21,2025-04-26,371,416.02
240527DC,4887387328514,2024-05-27,2023-12-11,2024-07-23,348,49.25
240527DD,2168494776151,2024-05-27,2024-04-27,2024-09-06,336,266.7
240527DE,9133603908014,2024-05-27,2024-01-14,2025-05-23,323,265.99
240711AA,6695212836394,2024-07-11,2024-04-11,2025-11-06,304,237.48
240404EA,4266329572283,2024-04-04,2023-10-25,2024-05-27,240,401.69
240404EB,2764870889303,2024-04-04,2023-12-13,2024-09-27,196,350.61
240404EC,9341222702392,2024-04-04,2024-01-14,2024-12-02,443,180.06
240404ED,7009664627837,2024-04-04,2024-01-08,2026-01-04,442,260.08
241105BA,9099746266551,2024-11-05,2024-08-13,2024-11-03,485,354.28
240716CA,1440710811309,2024-07-16,2024-04-19,2024-05-26,371,21.89
240716CB,5573515979800,2024-07-16,2024-04-03,2024-10-21,471,243.88
240716CC,6874779065864,2024-07-16,2024-05-20,2024-06-27,122,286.65
240716CD,8060776080538,2024-07-16,2024-01-29,2025-06-12,347,307.45
240606EA,8295015923248,2024-06-06,2024-02-20,2025-03-12,141,336.69
240606EB,3801660182303,2024-06-06,2024-03-09,2025-12-28,439,247.6
240709BA,1904792486473,2024-07-09,2024-04-27,2024-07-24,236,346.21
240709BB,4799124724315,2024-07-09,2024-01-22,2025-11-01,163,110.51
240709BC,4887387328514,2024-07-09,2024-02-07,2024-06-13,490,48.96
241008EA,4799124724315,2024-10-08,2024-06-14,2026-04-20,83,112.82
241008EB,7909647285748,2024-10-08,2024-08-10,2024-11-24,177,309.62
240111CA,5334981206381,2024-01-11,2023-07-21,2024-11-04,472,282.75
240111CB,9320526500374,2024-01-11,2023-10-29,2024-02-04,489,177.23
240111CC,8562587170545,2024-01-11,2023-08-16,2024-05-02,224,286.75
240111CD,3801660182303,2024-01-11,2023-11-25,2025-06-13,301,235.34
240111CE,3922480347697,2024-01-11,2023-08-25,2025-08-09,128,253.54
241111CA,2646305542863,2024-11-11,2024-07-28,2026-07-23,130,69.64
240331BA,6695212836394,2024-03-31,2024-02-27,2025-01-29,103,227.56
240331BB,5966087203573,2024-03-31,2023-10-05,2024-05-16,225,356.96
240331BC,1374644357806,2024-03-31,2023-12-25,2025-06-14,122,132.19
240921EA,1374644357806,2024-09-21,2024-06-12,2025-04-10,485,171.94
240921EB,6874779065864,2024-09-21,2024-07-31,2025-04-27,299,266.64
240921EC,7118631998839,2024-09-21,2024-07-16,2025-06-14,337,74.86
240803AA,6695212836394,2024-08-03,2024-04-16,2025-12-03,390,227.8
240301EA,1887140245119,2024-03-01,2023-12-16,2024-06-19,311,29.05
240301EB,6768130244551,2024-03-01,2023-09-18,2025-01-22,420,375.38
240904DA,9882839546088,2024-09-04,2024-08-04,2026-04-29,191,173.99
240524AA,9099746266551,2024-05-24,2023-12-09,2025-07-22,124,390.44
240524AB,1440710811309,2024-05-24,2023-12-09,2024-05-24,476,20.99
240714CA,6400454451965,2024-07-14,2024-05-10,2024-12-22,158,336.53
240714CB,7909647285748,2024-07-14,2024-05-18,2026-04-07,446,275.06
240714CC,7538675410397,2024-07-14,2024-05-05,2024-11-28,440,172.8
240714CD,4651387619190,2024-07-14,2024-05-18,2025-12-30,303,114.72
240714CE,9099746266551,2024-07-14,2024-01-26,2025-04-22,373,330.76
240114EA,6695212836394,2024-01-14,2023-10-01,2023-11-18,353,305.54
240114EB,5966087203573,2024-01-14,2023-07-21,2024-10-02,408,385.04
240408DA,7477584351590,2024-04-08,2023-12-09,2025-07-06,288,211.06
240408DB,7193208938982,2024-04-08,2024-01-02,2024-06-04,359,50.96
240414BA,9679955033493,2024-04-14,2024-02-05,2025-09-26,148,24.88
240414BB,5656234314111,2024-04-14,2024-02-07,2025-08-07,176,305.7
240702CA,3922480347697,2024-07-02,2024-04-02,2024-11-24,252,224.54
240702CB,6695212836394,2024-07-02,2024-05-02,2025-02-17,263,262.02
240702CC,9320526500374,2024-07-02,2024-01-18,2024-07-21,212,165.67
240702CD,9320526500374,2024-07-02,2024-03-21,2024-09-12,73,183.14
240702CE,1530281751828,2024-07-02,2024-02-28,2025-04-03,72,141.67
240415EA,8068700962471,2024-04-15,2024-01-29,2024-10-03,100,251.26
240415EB,3442852944505,2024-04-15,2023-12-30,2025-11-27,133,184.62
240415EC,6768130244551,2024-04-15,2024-03-01,2024-08-19,330,281.1
240211CA,4852979716602,2024-02-11,2024-01-01,2025-11-23,248,36.34
240627DA,2668380592920,2024-06-27,2024-03-30,2024-09-11,260,371.0
240617AA,1366803933780,2024-06-17,2024-04-14,2024-12-18,448,182.72
240617AB,1489716693439,2024-06-17,2023-12-31,2025-03-21,153,242.16
240617AC,1366803933780,2024-06-17,2024-03-12,2025-10-28,210,133.22
240414BA,4887387328514,2024-04-14,2023-10-23,2025-08-09,282,52.66
241031CA,3922480347697,2024-10-31,2024-07-13,2025-07-10,174,245.1
241031CB,5656234314111,2024-10-31,2024-05-18,2024-12-17,131,309.42
241031CC,6695212836394,2024-10-31,2024-05-17,2025-01-25,307,217.79
241031CD,7118631998839,2024-10-31,2024-08-16,2026-05-05,415,68.94
241031CE,8295015923248,2024-10-31,2024-07-18,2024-11-28,432,398.29
241102CA,7417081143053,2024-11-02,2024-09-17,2025-12-18,241,28.68
241102CB,2676489428461,2024-11-02,2024-08-29,2025-06-21,279,37.42
241102CC,9679955033493,2024-11-02,2024-05-24,2026-05-23,293,27.12
241102CD,1530281751828,2024-11-02,2024-08-26,2025-06-19,145,116.66
240405BA,4887387328514,2024-04-05,2023-12-15,2024-05-21,251,43.99
240405BB,1081846168108,2024-04-05,2024-02-04,2025-12-21,370,318.61
240405BC,1081846168108,2024-04-05,2023-11-27,2024-08-10,280,346.78
241124CA,1374644357806,2024-11-24,2024-09-14,2026-07-06,340,124.69
240818BA,3046223091366,2024-08-18,2024-04-07,2025-03-27,88,265.41
240904BA,9792841352355,2024-09-04,2024-04-07,2025-04-23,271,68.86
240904BB,4887387328514,2024-09-04,2024-06-09,2026-02-19,219,36.9
240904BC,7534112261015,2024-09-04,2024-05-12,2025-11-02,150,213.27
240904BD,2646305542863,2024-09-04,2024-05-06,2025-03-10,497,70.48
240203AA,2081796341037,2024-02-03,2023-11-07,2024-08-07,499,163.1
240203AB,3922480347697,2024-02-03,2023-10-20,2024-03-05,243,254.41
240203AC,9133603908014,2024-02-03,2023-10-04,2025-08-31,430,287.96
240203AD,5723787941699,2024-02-03,2023-10-03,2023-12-17,408,181.27
240203AE,1366803933780,2024-02-03,2023-09-19,2024-11-03,160,163.99
240911EA,9550889811760,2024-09-11,2024-05-16,2025-02-21,191,395.24
240911EB,5966087203573,2024-09-11,2024-08-11,2025-08-10,408,280.7
240911EC,7784851719923,2024-09-11,2024-06-27,2024-08-01,499,18.93
240425AA,4799124724315,2024-04-25,2024-03-22,2024-09-09,412,146.52
240425AB,7111402598169,2024-04-25,2024-02-12,2024-03-15,410,158.2
240425AC,9133603908014,2024-04-25,2023-10-28,2025-05-16,405,310.21
241129DA,4243802214885,2024-11-29,2024-10-17,2025-12-20,349,275.53
241129DB,6695212836394,2024-11-29,2024-10-05,2025-06-14,161,257.32
241129DC,8060776080538,2024-11-29,2024-08-14,2025-01-12,350,326.38
241129DD,7784851719923,2024-11-29,2024-10-08,2026-10-05,214,17.15
241129DE,7538675410397,2024-11-29,2024-10-24,2025-12-06,432,181.66
240723DA,1887140245119,2024-07-23,2024-04-29,2026-01-11,460,29.89
240723DB,4852979716602,2024-07-23,2024-04-26,2025-10-25,71,35.47
241122EA,6768130244551,2024-11-22,2024-06-12,2025-05-17,71,338.58
241122EB,5723787941699,2024-11-22,2024-07-04,2026-04-27,337,250.13
241122EC,3019733334840,2024-11-22,2024-08-07,2025-02-03,257,100.13
240802EA,7009664627837,2024-08-02,2024-03-14,2024-11-22,328,260.76
240802EB,4852979716602,2024-08-02,2024-02-07,2025-10-19,208,44.25
240802EC,1530281751828,2024-08-02,2024-05-28,2024-08-30,193,117.51
240802ED,1319495204239,2024-08-02,2024-05-27,2025-04-28,100,365.19
241028AA,7477584351590,2024-10-28,2024-08-07,2026-04-07,214,226.31
241028AB,9679955033493,2024-10-28,2024-05-28,2025-05-23,418,24.54
241028AC,4266329572283,2024-10-28,2024-08-31,2025-04-25,385,319.99
241109BA,4243802214885,2024-11-09,2024-09-26,2026-01-07,400,263.09
241109BB,7477584351590,2024-11-09,2024-08-10,2026-06-15,369,243.71
241109BC,1374644357806,2024-11-09,2024-06-27,2026-06-07,447,168.01
241109BD,8295015923248,2024-11-09,2024-06-15,2025-07-31,113,338.7
241109BE,1530281751828,2024-11-09,2024-05-18,2025-12-23,169,125.73
240129EA,7118631998839,2024-01-29,2023-12-28,2024-06-23,294,76.97
240129EB,5756935329189,2024-01-29,2023-12-19,2024-09-15,316,293.47
240129EC,1887140245119,2024-01-29,2023-12-22,2024-10-02,397,33.87
240129ED,5966087203573,2024-01-29,2023-09-19,2024-04-27,418,306.44
240521BA,1921407170452,2024-05-21,2023-12-05,2025-05-19,466,106.11
240521BB,1921407170452,2024-05-21,2023-11-23,2024-11-12,195,80.81
240521BC,6373646879188,2024-05-21,2024-03-10,2025-11-22,450,249.27
240918EA,1885386949733,2024-09-18,2024-06-07,2024-08-19,453,49.27
240918EB,7784851719923,2024-09-18,2024-05-01,2025-12-25,179,17.03
240410EA,8295015923248,2024-04-10,2023-12-19,2024-01-25,52,288.27
240410EB,9133603908014,2024-04-10,2024-01-02,2024-03-30,351,230.24
240829AA,9099746266551,2024-08-29,2024-06-18,2026-01-27,127,292.54
241018AA,1885386949733,2024-10-18,2024-07-07,2025-12-13,343,35.28
241018AB,8493556002921,2024-10-18,2024-09-17,2025-05-26,115,359.73
241018AC,6874779065864,2024-10-18,2024-07-05,2024-11-04,172,325.93
241018AD,7538675410397,2024-10-18,2024-07-29,2024-11-13,465,171.62
240416AA,9320526500374,2024-04-16,2023-11-24,2024-11-08,466,185.99
240416AB,6768130244551,2024-04-16,2024-02-03,2025-11-09,299,287.93
240416AC,1110475018705,2024-04-16,2024-01-21,2024-05-24,286,61.82
240416AD,7111402598169,2024-04-16,2024-02-01,2025-12-14,65,208.71
240423EA,7417081143053,2024-04-23,2024-01-02,2025-12-12,69,29.95
240423EB,3046223091366,2024-04-23,2023-11-19,2025-09-26,83,234.97
240423EC,9320526500374,2024-04-23,2023-12-30,2025-12-12,440,145.2
240423ED,3801660182303,2024-04-23,2024-03-22,2025-12-16,410,316.13
241212DA,2974785865598,2024-12-12,2024-09-24,2025-04-22,486,262.47
241212DB,4264705587768,2024-12-12,2024-07-05,2025-05-14,454,251.03
241212DC,5966087203573,2024-12-12,2024-08-17,2026-04-22,435,335.39
240908AA,8118777908898,2024-09-08,2024-05-30,2025-01-17,312,17.21
240604CA,3019733334840,2024-06-04,2024-04-05,2026-02-22,425,100.18
240216CA,7909647285748,2024-02-16,2023-11-01,2024-11-03,148,290.55
240216CB,2005707746631,2024-02-16,2023-12-18,2025-01-04,177,323.32
240216CC,9792841352355,2024-02-16,2023-12-15,2025-07-08,436,57.27
240127EA,3000161243260,2024-01-27,2023-10-24,2023-12-06,328,150.46
240127EB,6874779065864,2024-01-27,2023-11-17,2025-01-31,345,323.58
240127EC,5756935329189,2024-01-27,2023-12-06,2024-03-29,476,284.7
240127ED,7438552944490,2024-01-27,2023-12-23,2024-05-15,53,161.23
240127EE,9471443645365,2024-01-27,2023-09-27,2024-03-22,250,355.62
241129AA,9471443645365,2024-11-29,2024-07-06,2024-12-06,334,440.18
241129AB,8493556002921,2024-11-29,2024-10-04,2026-03-10,337,323.06
241129AC,7118631998839,2024-11-29,2024-07-27,2025-03-28,443,71.89
241129AD,7534112261015,2024-11-29,2024-07-26,2026-04-10,200,236.5
241129AE,8060776080538,2024-11-29,2024-09-10,2025-09-15,289,317.99
240116DA,7909647285748,2024-01-16,2023-07-30,2024-10-22,490,336.86
240122CA,1081846168108,2024-01-22,2023-10-12,2024-07-18,242,275.1
240122CB,8295015923248,2024-01-22,2023-08-23,2025-04-06,318,384.93
241007CA,3801660182303,2024-10-07,2024-07-23,2025-12-20,420,256.24
241007CB,1440710811309,2024-10-07,2024-06-13,2025-07-26,88,16.92
241007CC,1366803933780,2024-10-07,2024-04-24,2024-12-18,214,146.04
240109AA,8562587170545,2024-01-09,2023-07-30,2024-01-15,88,276.54
240109AB,1319495204239,2024-01-09,2023-07-27,2024-10-01,159,330.2
240109AC,5334981206381,2024-01-09,2023-09-09,2025-06-02,163,294.78
240526EA,3000161243260,2024-05-26,2024-01-29,2024-10-22,182,213.03
240526EB,3348353436381,2024-05-26,2024-04-21,2024-08-23,462,297.42
240526EC,3348353436381,2024-05-26,2024-04-20,2025-08-06,346,250.74
240526ED,7477584351590,2024-05-26,2024-01-09,2024-11-08,467,273.19
240526EE,4264705587768,2024-05-26,2023-12-20,2024-07-27,247,219.02
240903CA,7111402598169,2024-09-03,2024-07-27,2024-12-21,269,181.4
240903CB,8493556002921,2024-09-03,2024-04-02,2025-05-02,318,334.02
240623BA,8295015923248,2024-06-23,2024-05-23,2025-02-25,207,394.08
240623BB,1904792486473,2024-06-23,2024-02-13,2025-09-23,128,405.27
240623BC,5756935329189,2024-06-23,2024-04-03,2026-03-01,352,361.76
240623BD,1366803933780,2024-06-23,2024-04-30,2025-03-23,67,185.93
240623BE,9341222702392,2024-06-23,2024-05-06,2026-02-05,450,167.37
241225BA,9471443645365,2024-12-25,2024-11-09,2026-05-19,260,426.61
241225BB,4243802214885,2024-12-25,2024-11-15,2026-06-11,338,281.65
241225BC,3442852944505,2024-12-25,2024-10-14,2025-07-18,284,214.54
241225BD,4243802214885,2024-12-25,2024-08-12,2024-10-13,358,270.88
241219EA,9679955033493,2024-12-19,2024-08-30,2025-05-16,114,19.87
241219EB,7438552944490,2024-12-19,2024-07-24,2026-06-29,209,144.37
240411DA,3000161243260,2024-04-11,2023-12-07,2024-01-07,194,216.04
240411DB,1081846168108,2024-04-11,2023-12-20,2025-01-02,103,287.01
240411DC,6768130244551,2024-04-11,2024-01-17,2025-06-29,290,271.28
240411DD,1374644357806,2024-04-11,2023-10-28,2025-10-15,390,149.64
240802DA,5524031117940,2024-08-02,2024-04-15,2024-05-28,167,197.34
240802DB,5723787941699,2024-08-02,2024-05-27,2024-06-30,140,260.57
240802DC,8295015923248,2024-08-02,2024-03-06,2025-11-29,102,294.73
240802DD,5524031117940,2024-08-02,2024-03-25,2025-06-09,231,247.99
240214CA,7193208938982,2024-02-14,2023-12-20,2025-12-17,469,46.76
240214CB,4887387328514,2024-02-14,2023-10-17,2025-03-02,381,37.0
240214CC,7909647285748,2024-02-14,2023-11-06,2024-01-07,128,261.95
240214CD,2005707746631,2024-02-14,2023-10-30,2024-05-30,316,363.38
241103CA,2168494776151,2024-11-03,2024-05-23,2026-03-19,175,194.13
241103CB,7009664627837,2024-11-03,2024-06-23,2025-02-19,291,199.27
240821CA,3270110394259,2024-08-21,2024-06-19,2026-03-25,393,208.13
240821CB,2676489428461,2024-08-21,2024-05-01,2025-04-14,336,49.5
240821CC,9099746266551,2024-08-21,2024-05-04,2025-08-13,352,354.25
240821CD,9882839546088,2024-08-21,2024-03-07,2026-02-23,327,205.08
240821CE,4426249772873,2024-08-21,2024-05-16,2025-09-15,357,42.23
240607DA,4264705587768,2024-06-07,2024-03-26,2025-09-20,418,191.89
240802CA,9133603908014,2024-08-02,2024-04-07,2024-12-10,250,236.44
240802CB,8952577124826,2024-08-02,2024-06-17,2025-10-06,273,89.54
240802CC,8986011122048,2024-08-02,2024-06-09,2026-05-28,66,101.94
240802CD,9471443645365,2024-08-02,2024-06-11,2025-11-16,142,300.08
240802CE,4266329572283,2024-08-02,2024-06-29,2025-09-11,382,388.49
240429BA,1530281751828,2024-04-29,2023-12-28,2024-03-25,234,143.42
240429BB,9792841352355,2024-04-29,2023-12-20,2024-11-11,326,57.97
240429BC,1440710811309,2024-04-29,2024-01-10,2025-04-06,137,20.68
240429BD,4799124724315,2024-04-29,2024-03-27,2026-02-09,253,118.75
240123EA,8562587170545,2024-01-23,2023-11-30,2024-07-12,437,204.7
240123EB,7477584351590,2024-01-23,2023-09-25,2024-09-28,417,229.72
240123EC,4266329572283,2024-01-23,2023-11-17,2024-05-21,114,413.3
240528AA,7442652072221,2024-05-28,2024-02-28,2024-06-18,158,234.31
240528AB,3442852944505,2024-05-28,2024-03-14,2024-05-15,243,210.0
240528AC,7118631998839,2024-05-28,2024-01-15,2024-03-08,55,95.88
240528AD,2764870889303,2024-05-28,2024-04-20,2024-08-06,107,433.35
240528AE,8986011122048,2024-05-28,2024-02-01,2024-05-04,182,95.14
240811EA,9133603908014,2024-08-11,2024-02-29,2025-06-01,83,252.05
240811EB,8562587170545,2024-08-11,2024-02-26,2025-08-22,248,249.9
240811EC,7111402598169,2024-08-11,2024-07-04,2026-03-26,113,187.27
240320EA,2668380592920,2024-03-20,2023-09-30,2025-02-04,268,358.23
240320EB,7909647285748,2024-03-20,2024-01-27,2025-06-28,229,368.66
240320EC,3801660182303,2024-03-20,2023-12-21,2025-11-23,326,242.7
240608BA,4799124724315,2024-06-08,2024-05-03,2024-11-26,361,156.97
241223CA,4426249772873,2024-12-23,2024-10-01,2026-04-02,402,39.32
241223CB,1885386949733,2024-12-23,2024-08-04,2024-11-25,470,35.37
241223CC,8068700962471,2024-12-23,2024-11-14,2026-05-16,81,196.12
241223CD,4266329572283,2024-12-23,2024-07-16,2025-08-22,116,388.34
241223CE,8986011122048,2024-12-23,2024-07-07,2024-11-28,196,106.3
240226CA,8650517934553,2024-02-26,2024-01-09,2024-05-26,466,227.24
240829DA,9099746266551,2024-08-29,2024-03-14,2024-06-29,423,279.79
240829DB,1489716693439,2024-08-29,2024-03-17,2025-02-16,393,314.63
241225AA,4264705587768,2024-12-25,2024-11-16,2025-04-22,320,253.99
240117BA,4243802214885,2024-01-17,2023-09-27,2024-06-12,143,222.59
240117BB,2764870889303,2024-01-17,2023-12-01,2025-11-06,114,360.52
240117BC,7784851719923,2024-01-17,2023-11-27,2024-08-24,260,13.73
240117BD,1887140245119,2024-01-17,2023-07-31,2025-06-07,171,37.72
240117BE,7442652072221,2024-01-17,2023-08-27,2024-02-05,306,249.65
241226BA,6768130244551,2024-12-26,2024-08-25,2025-05-18,51,370.24
240102CA,5656234314111,2024-01-02,2023-10-26,2025-10-10,230,380.92
240102CB,8118777908898,2024-01-02,2023-08-03,2024-07-19,280,17.66
240102CC,3922480347697,2024-01-02,2023-07-20,2025-06-19,217,280.48
240102CD,2646305542863,2024-01-02,2023-10-07,2024-04-26,428,66.95
240427BA,3046223091366,2024-04-27,2024-03-19,2025-08-05,205,332.28
240427BB,8295015923248,2024-04-27,2024-02-21,2024-11-17,103,288.09
240427BC,8295015923248,2024-04-27,2024-02-24,2025-08-18,132,386.93
240427BD,5966087203573,2024-04-27,2024-01-24,2024-12-24,332,343.46
240427BE,7438552944490,2024-04-27,2024-03-19,2025-04-05,299,130.45
240309BA,6400454451965,2024-03-09,2023-12-27,2024-12-24,61,366.62
240309BB,8118777908898,2024-03-09,2023-10-25,2025-06-03,430,22.72
240309BC,9550889811760,2024-03-09,2023-09-17,2025-06-09,287,417.88
240520AA,3922480347697,2024-05-20,2024-01-09,2024-02-21,138,240.1
240520AB,9341222702392,2024-05-20,2024-03-30,2024-04-29,118,153.83
240520AC,3046223091366,2024-05-20,2024-04-03,2024-07-25,135,249.26
240722EA,3801660182303,2024-07-22,2024-01-24,2024-08-26,114,274.62
240722EB,7909647285748,2024-07-22,2024-06-05,2025-07-08,191,341.66
240104EA,4264705587768,2024-01-04,2023-11-07,2025-06-22,326,216.52
240104EB,5112203895591,2024-01-04,2023-07-15,2025-05-10,330,82.75
240104EC,9471443645365,2024-01-04,2023-07-19,2024-11-29,433,438.83
240104ED,5656234314111,2024-01-04,2023-08-13,2024-08-28,313,373.31
241207DA,2668380592920,2024-12-07,2024-10-29,2026-05-25,387,343.0
240914CA,5966087203573,2024-09-14,2024-05-13,2025-02-04,315,338.77
240914CB,4852979716602,2024-09-14,2024-04-15,2025-08-13,63,40.59
240914CC,1319495204239,2024-09-14,2024-07-26,2025-03-20,123,380.85
240716EA,7442652072221,2024-07-16,2024-06-03,2024-07-21,419,265.9
240716EB,5334981206381,2024-07-16,2024-06-01,2025-09-21,291,243.11
240908DA,3801660182303,2024-09-08,2024-07-01,2024-11-18,382,302.02
240908DB,6079913241894,2024-09-08,2024-05-01,2025-12-01,178,328.45
240908DC,9099746266551,2024-09-08,2024-07-31,2025-12-21,328,399.85
240827BA,5723787941699,2024-08-27,2024-04-08,2024-12-08,359,244.28
240827BB,7417081143053,2024-08-27,2024-03-31,2026-02-18,478,40.76
240827BC,4243802214885,2024-08-27,2024-03-19,2025-09-16,242,212.68
240827BD,2764870889303,2024-08-27,2024-06-03,2024-11-14,239,374.96
240827BE,7009664627837,2024-08-27,2024-06-21,2024-12-12,110,202.73
240729CA,4243802214885,2024-07-29,2024-02-11,2026-02-02,107,224.88
240729CB,1530281751828,2024-07-29,2024-06-27,2024-08-18,380,134.94
240823AA,2168494776151,2024-08-23,2024-04-26,2025-03-20,178,207.14
240823AB,8952577124826,2024-08-23,2024-04-11,2025-02-15,171,75.27
240823AC,7111402598169,2024-08-23,2024-07-18,2025-09-17,135,185.51
240823AD,5524031117940,2024-08-23,2024-03-17,2024-09-09,483,265.11
241014EA,4887387328514,2024-10-14,2024-05-06,2025-12-20,463,52.12
241014EB,5334981206381,2024-10-14,2024-07-17,2025-08-28,456,275.43
241014EC,1081846168108,2024-10-14,2024-08-09,2025-05-10,170,322.26
241014ED,9341222702392,2024-10-14,2024-08-03,2025-12-12,377,124.87
241014EE,9133603908014,2024-10-14,2024-05-28,2026-03-10,410,288.67
240129DA,7009664627837,2024-01-29,2023-12-25,2024-10-22,288,185.09
240129DB,6874779065864,2024-01-29,2023-08-20,2025-02-27,85,288.65
240129DC,9550889811760,2024-01-29,2023-10-29,2024-08-23,300,424.39
240305AA,1904792486473,2024-03-05,2024-01-24,2025-05-05,202,299.69
240305AB,4852979716602,2024-03-05,2023-10-23,2024-05-10,342,34.71
240305AC,9550889811760,2024-03-05,2023-11-18,2025-07-09,489,386.77
240305AD,7909647285748,2024-03-05,2023-10-24,2024-12-16,333,391.3
240305AE,7009664627837,2024-03-05,2023-10-03,2025-05-22,499,216.65
241217CA,9341222702392,2024-12-17,2024-08-09,2026-07-17,102,176.52
240907CA,2764870889303,2024-09-07,2024-06-17,2026-01-17,269,405.34
240907CB,7417081143053,2024-09-07,2024-05-31,2026-03-15,99,38.25
240907CC,7111402598169,2024-09-07,2024-06-17,2026-05-14,83,210.25
240907CD,8060776080538,2024-09-07,2024-05-02,2024-09-06,438,327.39
240907CE,1921407170452,2024-09-07,2024-07-07,2024-08-16,293,105.81
240115EA,5656234314111,2024-01-15,2023-11-10,2024-04-06,290,397.16
240115EB,1440710811309,2024-01-15,2023-09-30,2024-06-07,390,17.13
240115EC,6079913241894,2024-01-15,2023-11-12,2025-11-05,117,307.01
240115ED,3046223091366,2024-01-15,2023-10-24,2024-05-25,287,242.43
241019CA,2676489428461,2024-10-19,2024-08-15,2026-07-08,67,42.26
241019CB,7477584351590,2024-10-19,2024-06-05,2025-06-13,497,193.83
241019CC,5966087203573,2024-10-19,2024-05-27,2024-08-25,464,410.02
241019CD,4651387619190,2024-10-19,2024-09-17,2025-05-06,251,143.44
241019CE,8650517934553,2024-10-19,2024-05-17,2024-08-05,244,266.34
240918DA,9366403560281,2024-09-18,2024-06-28,2025-03-06,360,282.73
240918DB,1921407170452,2024-09-18,2024-07-20,2025-09-02,182,105.98
240918DC,8068700962471,2024-09-18,2024-04-22,2025-06-30,219,200.89
240918DD,6768130244551,2024-09-18,2024-06-09,2025-11-22,270,324.38
241129CA,8060776080538,2024-11-29,2024-08-03,2026-03-05,60,323.57
241129CB,2646305542863,2024-11-29,2024-07-25,2026-07-03,204,65.29
241129CC,4243802214885,2024-11-29,2024-07-13,2024-11-17,313,266.0
241129CD,3922480347697,2024-11-29,2024-07-16,2026-03-09,490,243.07
241129CE,4651387619190,2024-11-29,2024-08-16,2024-12-03,350,117.47
241127DA,8650517934553,2024-11-27,2024-10-28,2025-12-18,486,288.58
240719AA,1319495204239,2024-07-19,2024-02-06,2025-09-13,302,395.73
240719AB,1374644357806,2024-07-19,2024-02-08,2024-10-06,409,166.58
240719AC,5334981206381,2024-07-19,2024-06-19,2026-01-03,130,218.06
240719AD,8986011122048,2024-07-19,2024-05-07,2026-02-26,132,94.69
240719AE,3801660182303,2024-07-19,2024-05-15,2025-07-09,469,278.05
240915BA,8118777908898,2024-09-15,2024-08-03,2024-11-16,393,20.28
240915BB,9882839546088,2024-09-15,2024-04-02,2024-10-09,128,198.08
241020BA,8952577124826,2024-10-20,2024-08-19,2026-03-16,242,77.36
241020BB,2646305542863,2024-10-20,2024-05-24,2025-04-16,70,73.55
241020BC,9133603908014,2024-10-20,2024-08-01,2026-01-30,110,276.12
241020BD,3019733334840,2024-10-20,2024-07-16,2025-06-27,491,115.5
240117CA,7417081143053,2024-01-17,2023-10-22,2023-12-14,427,31.52
240117CB,2005707746631,2024-01-17,2023-11-22,2024-03-12,318,405.22
240117CC,7477584351590,2024-01-17,2023-07-25,2023-08-30,266,193.06
240117CD,9679955033493,2024-01-17,2023-10-22,2024-01-13,189,27.8
241226DA,1904792486473,2024-12-26,2024-11-11,2026-05-31,315,341.77
241226DB,8068700962471,2024-12-26,2024-09-21,2025-03-08,375,242.88
240607DA,1110475018705,2024-06-07,2024-02-15,2025-06-20,420,62.77
240903CA,1921407170452,2024-09-03,2024-03-08,2024-05-04,304,92.65
241127EA,9133603908014,2024-11-27,2024-08-05,2025-11-05,74,256.57
241127EB,3000161243260,2024-11-27,2024-07-17,2026-04-27,471,184.25
241231DA,6373646879188,2024-12-31,2024-09-02,2026-04-27,297,183.47
241231DB,6373646879188,2024-12-31,2024-07-17,2025-04-22,284,199.54
241231DC,2646305542863,2024-12-31,2024-09-13,2025-11-09,282,60.89
241206DA,1319495204239,2024-12-06,2024-08-31,2026-02-13,129,371.77
241206DB,8493556002921,2024-12-06,2024-10-05,2025-03-22,276,276.33
241206DC,4852979716602,2024-12-06,2024-08-08,2025-11-13,407,33.22
241206DD,3348353436381,2024-12-06,2024-07-01,2024-12-05,477,298.79
240504EA,3348353436381,2024-05-04,2024-03-20,2024-11-26,346,238.56
240504EB,9366403560281,2024-05-04,2024-03-15,2025-12-02,267,278.02
240504EC,8650517934553,2024-05-04,2023-12-27,2025-11-13,409,236.23
240504ED,7909647285748,2024-05-04,2024-03-30,2025-05-16,283,316.4
240504EE,5524031117940,2024-05-04,2024-01-12,2024-12-15,219,217.66
241011DA,5573515979800,2024-10-11,2024-08-21,2026-02-13,183,178.25
241011DB,3348353436381,2024-10-11,2024-05-03,2025-01-17,203,230.38
241011DC,9133603908014,2024-10-11,2024-08-15,2024-12-17,199,210.27
240418EA,7909647285748,2024-04-18,2024-02-24,2025-11-04,500,339.05
240418EB,2676489428461,2024-04-18,2023-12-29,2025-04-18,138,37.83
240811AA,4799124724315,2024-08-11,2024-05-23,2025-01-31,498,126.96
240503CA,1366803933780,2024-05-03,2024-03-08,2025-04-15,449,166.03
240503CB,1319495204239,2024-05-03,2024-03-19,2025-10-11,435,317.86
240503CC,5334981206381,2024-05-03,2024-02-14,2025-03-21,256,268.59
240523AA,2974785865598,2024-05-23,2024-01-03,2024-08-12,106,213.82
240523AB,8493556002921,2024-05-23,2024-02-20,2024-10-10,184,282.83
240523AC,2668380592920,2024-05-23,2024-04-23,2024-08-06,222,297.59
240523AD,4243802214885,2024-05-23,2024-03-12,2024-09-24,234,261.35
240523AE,2974785865598,2024-05-23,2024-01-14,2025-02-21,269,228.71
240912CA,3019733334840,2024-09-12,2024-05-07,2025-02-08,121,119.71
240912CB,9550889811760,2024-09-12,2024-06-03,2025-08-14,86,351.59
240912CC,3046223091366,2024-09-12,2024-03-26,2025-08-03,478,265.61
240805EA,1489716693439,2024-08-05,2024-02-14,2024-12-23,335,311.73
240805EB,8295015923248,2024-08-05,2024-05-05,2024-07-21,74,278.62
240805EC,6874779065864,2024-08-05,2024-03-09,2025-04-14,287,365.7
240805ED,2668380592920,2024-08-05,2024-02-21,2024-08-14,312,270.43
240805EE,9341222702392,2024-08-05,2024-05-12,2025-06-18,117,156.48
240514DA,9882839546088,2024-05-14,2024-01-23,2025-05-27,142,174.28
240402EA,8650517934553,2024-04-02,2023-12-05,2025-03-06,435,250.43
240402EB,5524031117940,2024-04-02,2023-11-17,2025-01-19,410,249.35
240402EC,7111402598169,2024-04-02,2023-11-23,2024-12-21,83,220.81
240402ED,7417081143053,2024-04-02,2023-12-17,2025-11-04,431,33.67
241226CA,7118631998839,2024-12-26,2024-11-10,2026-04-25,171,80.58
240606BA,1319495204239,2024-06-06,2024-02-28,2024-12-05,65,345.07
240606BB,9133603908014,2024-06-06,2024-02-12,2024-07-27,398,217.38
240301AA,2646305542863,2024-03-01,2023-12-01,2025-05-26,344,60.39
240301AB,2668380592920,2024-03-01,2023-10-17,2025-07-03,151,273.24
240301AC,1887140245119,2024-03-01,2023-11-14,2025-02-05,100,37.21
241213CA,9882839546088,2024-12-13,2024-11-02,2026-02-08,98,214.76
240724EA,4243802214885,2024-07-24,2024-05-19,2025-11-07,260,268.8
240724EB,1110475018705,2024-07-24,2024-06-16,2025-06-12,485,66.94
240724EC,1374644357806,2024-07-24,2024-02-18,2024-04-02,100,171.65
240920AA,7417081143053,2024-09-20,2024-04-26,2024-06-17,330,28.68
240920AB,4266329572283,2024-09-20,2024-03-25,2025-05-13,279,364.67
240920AC,7438552944490,2024-09-20,2024-08-04,2024-11-18,263,151.34
241027CA,7193208938982,2024-10-27,2024-08-21,2025-02-25,196,66.17
241028CA,8068700962471,2024-10-28,2024-06-18,2024-10-31,347,199.34
241028CB,8068700962471,2024-10-28,2024-06-15,2026-01-01,427,197.53
241028CC,7538675410397,2024-10-28,2024-07-19,2026-01-17,52,148.73
240425CA,4266329572283,2024-04-25,2024-03-02,2025-11-24,94,353.59
240425CB,6768130244551,2024-04-25,2024-02-24,2025-02-28,303,278.06
240425CC,1530281751828,2024-04-25,2023-12-01,2025-04-28,232,137.27
240425CD,4852979716602,2024-04-25,2024-02-18,2024-11-22,193,40.18
240425CE,7009664627837,2024-04-25,2024-02-17,2025-12-06,447,237.57
241027CA,5524031117940,2024-10-27,2024-05-16,2024-12-02,411,254.75
241027CB,7784851719923,2024-10-27,2024-08-30,2025-07-06,307,17.77
241027CC,9133603908014,2024-10-27,2024-05-20,2025-05-08,51,213.78
241027CD,7111402598169,2024-10-27,2024-07-18,2024-09-13,219,193.42
240823BA,5723787941699,2024-08-23,2024-06-10,2025-05-22,212,223.58
240823BB,2676489428461,2024-08-23,2024-07-06,2025-06-16,484,45.55
240823BC,7534112261015,2024-08-23,2024-04-02,2025-05-27,131,218.69
241117DA,2676489428461,2024-11-17,2024-07-24,2024-09-05,183,50.8
240529DA,4852979716602,2024-05-29,2024-01-22,2025-10-07,303,33.68
240529DB,9471443645365,2024-05-29,2024-02-18,2024-11-06,73,344.87
240529DC,2974785865598,2024-05-29,2024-01-12,2024-05-14,85,230.69
240529DD,4243802214885,2024-05-29,2024-03-21,2024-12-21,130,223.47
240411DA,7009664627837,2024-04-11,2024-03-01,2024-05-19,165,260.2
240411DB,8986011122048,2024-04-11,2023-12-09,2024-08-12,307,122.52
240411DC,9366403560281,2024-04-11,2023-11-12,2025-05-23,56,347.6
241113BA,2668380592920,2024-11-13,2024-07-25,2025-02-24,216,273.15
241113BB,9550889811760,2024-11-13,2024-07-29,2025-05-09,420,342.33
241113BC,9471443645365,2024-11-13,2024-06-10,2025-05-16,229,317.72
241113BD,7909647285748,2024-11-13,2024-07-17,2026-02-28,221,262.02
241026CA,1366803933780,2024-10-26,2024-06-22,2024-08-06,56,151.22
241026CB,3348353436381,2024-10-26,2024-05-17,2025-11-09,239,279.2
241026CC,9320526500374,2024-10-26,2024-08-11,2025-07-06,392,162.12
241026CD,2646305542863,2024-10-26,2024-07-27,2025-03-18,96,53.33
240118CA,3000161243260,2024-01-18,2023-10-28,2025-10-01,342,195.09
240118CB,7442652072221,2024-01-18,2023-09-16,2023-12-09,211,228.7
240118CC,3019733334840,2024-01-18,2023-10-01,2025-01-23,324,108.67
241004BA,7909647285748,2024-10-04,2024-07-14,2025-03-03,131,278.46
241004BB,6874779065864,2024-10-04,2024-06-14,2024-10-22,63,366.56
241028BA,2081796341037,2024-10-28,2024-09-25,2026-06-02,306,137.0
241028BB,8562587170545,2024-10-28,2024-06-25,2024-09-14,432,231.66
241028BC,7442652072221,2024-10-28,2024-08-28,2026-03-26,191,225.19
241028BD,7118631998839,2024-10-28,2024-09-15,2026-01-29,174,73.0
241104AA,5723787941699,2024-11-04,2024-09-17,2025-02-05,469,211.66
240116BA,1440710811309,2024-01-16,2023-08-21,2025-05-22,310,22.38
240407EA,5723787941699,2024-04-07,2023-11-03,2024-01-24,132,239.73
240407EB,4264705587768,2024-04-07,2024-01-16,2025-08-29,401,267.73
240211AA,2168494776151,2024-02-11,2023-10-16,2024-06-17,171,189.97
240211AB,9882839546088,2024-02-11,2023-11-13,2025-04-02,59,195.44
240211AC,4426249772873,2024-02-11,2023-09-06,2024-08-06,333,32.64
240211AD,1530281751828,2024-02-11,2023-08-20,2024-02-22,124,130.64
240211AE,9679955033493,2024-02-11,2023-11-15,2024-09-26,407,24.2
241222CA,8068700962471,2024-12-22,2024-10-10,2026-06-03,297,257.43
241222CB,7193208938982,2024-12-22,2024-09-10,2026-08-02,178,67.0
241222CC,1885386949733,2024-12-22,2024-09-23,2025-07-16,247,37.18
241222CD,1489716693439,2024-12-22,2024-07-03,2025-10-07,390,279.32
240811BA,6695212836394,2024-08-11,2024-03-26,2025-05-28,166,248.38
240811BB,4651387619190,2024-08-11,2024-06-19,2025-04-14,139,145.63
240811BC,1374644357806,2024-08-11,2024-06-02,2025-09-01,332,138.61
241004EA,7111402598169,2024-10-04,2024-07-05,2025-07-06,312,177.81
240130DA,1904792486473,2024-01-30,2023-09-24,2025-02-10,410,360.88
240130DB,1366803933780,2024-01-30,2023-10-23,2024-10-14,51,136.87
240130DC,9133603908014,2024-01-30,2023-11-14,2024-12-24,214,209.32
240130DD,7118631998839,2024-01-30,2023-08-15,2023-12-17,294,95.57
240130DE,4266329572283,2024-01-30,2023-12-14,2024-02-17,374,316.4
240826CA,1110475018705,2024-08-26,2024-05-17,2026-05-06,101,72.42
240927EA,1374644357806,2024-09-27,2024-07-04,2024-09-11,151,162.98
240927EB,7784851719923,2024-09-27,2024-05-27,2025-10-22,364,16.46
240122BA,2005707746631,2024-01-22,2023-09-17,2025-09-06,118,395.79
240122BB,9320526500374,2024-01-22,2023-09-09,2024-09-08,161,130.5
240122BC,7477584351590,2024-01-22,2023-12-01,2025-05-17,456,218.94
240122BD,1885386949733,2024-01-22,2023-08-24,2024-03-27,84,41.13
240618BA,8986011122048,2024-06-18,2024-01-10,2025-10-25,111,112.64
240618BB,9341222702392,2024-06-18,2024-03-13,2025-01-19,138,135.4
240103BA,1319495204239,2024-01-03,2023-09-06,2024-01-14,486,316.35
241014EA,3348353436381,2024-10-14,2024-06-05,2025-05-24,280,236.33
241014EB,2974785865598,2024-10-14,2024-07-01,2025-06-14,248,188.44
241014EC,1440710811309,2024-10-14,2024-05-23,2026-02-24,303,21.57
240209DA,1489716693439,2024-02-09,2023-11-23,2025-01-14,121,293.72
240209DB,7442652072221,2024-02-09,2023-11-11,2025-06-25,338,288.75
240209DC,9099746266551,2024-02-09,2023-10-23,2024-04-16,142,274.5
240209DD,1530281751828,2024-02-09,2023-10-11,2024-02-16,170,106.94
240209DE,5656234314111,2024-02-09,2023-08-17,2024-08-15,191,427.71
240807CA,4887387328514,2024-08-07,2024-05-25,2025-08-21,171,38.93
241020DA,8295015923248,2024-10-20,2024-04-30,2024-07-02,302,335.81
241020DB,2005707746631,2024-10-20,2024-06-08,2024-12-21,231,426.93
241026EA,9882839546088,2024-10-26,2024-09-23,2026-02-23,254,181.64
240706EA,9320526500374,2024-07-06,2024-05-03,2025-05-31,471,176.37
240706EB,5573515979800,2024-07-06,2024-04-21,2025-11-02,102,230.53
240706EC,9550889811760,2024-07-06,2024-04-03,2025-04-07,265,374.67
240706ED,6695212836394,2024-07-06,2024-06-06,2026-05-13,495,252.19
240706EE,7193208938982,2024-07-06,2024-03-08,2025-05-05,284,47.27
241225DA,1904792486473,2024-12-25,2024-10-14,2025-05-28,488,358.66
241225DB,9550889811760,2024-12-25,2024-11-16,2026-05-22,205,330.96
240613EA,3019733334840,2024-06-13,2024-04-12,2024-10-26,463,139.67
240613EB,8068700962471,2024-06-13,2024-03-25,2024-11-25,171,265.67
240613EC,4426249772873,2024-06-13,2024-05-06,2024-12-23,83,30.8
240613ED,6768130244551,2024-06-13,2024-03-25,2025-12-19,80,324.72
240613EE,5334981206381,2024-06-13,2024-04-23,2025-11-08,202,293.3
240414EA,5524031117940,2024-04-14,2024-02-25,2025-01-20,123,194.17
240414EB,7009664627837,2024-04-14,2023-12-24,2024-04-13,230,248.96
240414EC,1440710811309,2024-04-14,2023-12-20,2024-11-07,293,16.78
240414ED,2005707746631,2024-04-14,2024-03-11,2024-06-07,369,367.81
240414EE,7538675410397,2024-04-14,2023-11-08,2024-11-23,368,192.67
240529EA,9792841352355,2024-05-29,2024-03-27,2024-06-27,79,57.8
240529EB,2764870889303,2024-05-29,2024-02-21,2025-09-15,457,381.12
240529EC,7009664627837,2024-05-29,2024-01-03,2024-10-28,496,245.8
240529ED,3442852944505,2024-05-29,2024-04-10,2025-02-24,345,175.62
241223BA,5756935329189,2024-12-23,2024-11-22,2025-01-21,136,307.13
241223BB,1110475018705,2024-12-23,2024-10-24,2026-03-23,74,67.36
241223BC,1374644357806,2024-12-23,2024-10-01,2026-06-21,216,147.46
240411EA,2764870889303,2024-04-11,2024-02-14,2024-05-12,335,431.71
240813BA,7477584351590,2024-08-13,2024-04-14,2024-05-17,144,262.17
240721EA,1374644357806,2024-07-21,2024-02-21,2024-06-24,146,159.59
240721EB,8068700962471,2024-07-21,2024-05-14,2024-06-14,111,269.68
240721EC,7438552944490,2024-07-21,2024-04-08,2025-04-30,60,177.55
240721ED,8068700962471,2024-07-21,2024-03-01,2024-05-18,120,243.54
240427DA,9133603908014,2024-04-27,2023-12-01,2025-08-12,377,278.55
241110BA,7417081143053,2024-11-10,2024-06-22,2024-08-31,168,40.05
241019AA,4426249772873,2024-10-19,2024-08-03,2025-03-29,461,30.3
241019AB,9133603908014,2024-10-19,2024-04-28,2025-04-12,96,231.76
241019AC,3270110394259,2024-10-19,2024-06-14,2026-04-11,422,194.83
241019AD,6695212836394,2024-10-19,2024-08-04,2025-03-25,279,287.91
241019AE,8060776080538,2024-10-19,2024-09-15,2026-02-20,334,296.07
240114BA,7438552944490,2024-01-14,2023-09-07,2025-05-15,130,138.31
240114BB,5112203895591,2024-01-14,2023-11-21,2024-08-20,187,80.3
240114BC,4264705587768,2024-01-14,2023-08-12,2024-03-30,377,203.59
241211DA,9099746266551,2024-12-11,2024-07-23,2026-06-14,500,351.22
241211DB,7909647285748,2024-12-11,2024-11-06,2025-09-11,166,305.35
240402CA,5112203895591,2024-04-02,2023-12-20,2024-01-21,292,72.49
240402CB,6874779065864,2024-04-02,2024-01-30,2024-09-19,322,345.22
240914DA,2081796341037,2024-09-14,2024-05-10,2026-03-16,218,131.22
240914DB,7784851719923,2024-09-14,2024-07-31,2025-10-20,99,17.12
240914DC,9099746266551,2024-09-14,2024-05-22,2024-06-28,386,293.8
240914DD,5573515979800,2024-09-14,2024-07-27,2025-06-01,61,222.96
240914DE,1885386949733,2024-09-14,2024-05-24,2024-08-06,188,46.86
240822BA,7477584351590,2024-08-22,2024-06-24,2025-08-14,340,236.35
240822BB,7784851719923,2024-08-22,2024-06-15,2025-05-29,426,13.7
240930CA,1885386949733,2024-09-30,2024-07-26,2024-11-23,363,49.87
240930CB,7009664627837,2024-09-30,2024-06-23,2024-12-24,283,210.59
240930CC,9882839546088,2024-09-30,2024-07-16,2026-01-09,63,166.81
240930CD,4243802214885,2024-09-30,2024-05-15,2026-02-06,338,201.48
240930CE,3348353436381,2024-09-30,2024-06-04,2026-04-26,383,296.99
240212AA,3270110394259,2024-02-12,2023-10-25,2024-04-19,497,189.57
240212AB,4852979716602,2024-02-12,2023-12-02,2024-07-29,380,46.72
240212AC,2676489428461,2024-02-12,2023-10-04,2025-07-02,214,35.18
240212AD,8493556002921,2024-02-12,2023-08-18,2024-06-21,226,274.04
241124EA,2168494776151,2024-11-24,2024-10-21,2025-04-25,454,246.75
241124EB,1904792486473,2024-11-24,2024-09-11,2025-02-27,447,370.51
241124EC,7118631998839,2024-11-24,2024-08-24,2025-06-07,422,68.96
240520DA,7477584351590,2024-05-20,2024-02-26,2024-05-24,232,245.57
240520DB,5966087203573,2024-05-20,2024-02-13,2025-06-04,134,314.76
240325EA,7417081143053,2024-03-25,2024-01-06,2024-04-03,98,39.05
240325EB,2764870889303,2024-03-25,2023-12-08,2024-10-05,309,323.89
240325EC,1366803933780,2024-03-25,2023-10-16,2024-01-09,403,180.8
240128BA,2764870889303,2024-01-28,2023-09-10,2025-04-30,334,367.61
240128BB,4243802214885,2024-01-28,2023-10-10,2023-12-16,267,232.09
240128BC,9320526500374,2024-01-28,2023-08-01,2024-01-10,51,182.95
240128BD,3922480347697,2024-01-28,2023-10-14,2023-11-22,496,249.94
240128BE,6695212836394,2024-01-28,2023-08-20,2025-06-21,452,248.26
240928BA,9133603908014,2024-09-28,2024-08-14,2024-11-16,345,280.13
240928BB,4243802214885,2024-09-28,2024-07-07,2025-07-26,53,213.07
240928BC,8060776080538,2024-09-28,2024-08-13,2025-02-04,334,362.9
240928BD,8493556002921,2024-09-28,2024-08-21,2025-09-11,488,300.22
240928BE,2081796341037,2024-09-28,2024-08-01,2026-06-13,264,164.52
241101CA,1885386949733,2024-11-01,2024-09-11,2026-03-17,361,34.47
241101CB,9099746266551,2024-11-01,2024-05-16,2025-08-07,134,349.5
241101CC,4264705587768,2024-11-01,2024-07-11,2024-10-04,311,223.47
241101CD,1885386949733,2024-11-01,2024-07-16,2025-07-27,303,39.68
240730DA,5334981206381,2024-07-30,2024-06-01,2025-10-08,152,261.57
240730DB,4243802214885,2024-07-30,2024-02-09,2024-09-27,182,277.44
240730DC,4887387328514,2024-07-30,2024-06-10,2026-01-26,431,39.69
240730DD,5756935329189,2024-07-30,2024-02-10,2024-10-07,125,333.51
240730DE,7118631998839,2024-07-30,2024-05-08,2024-10-21,264,68.62
240824DA,1530281751828,2024-08-24,2024-07-02,2026-06-08,320,146.29
240824DB,2668380592920,2024-08-24,2024-06-03,2025-02-16,343,328.8
240824DC,9471443645365,2024-08-24,2024-03-06,2024-11-10,370,296.9
240824DD,9471443645365,2024-08-24,2024-07-25,2026-07-09,144,380.91
241004AA,6400454451965,2024-10-04,2024-05-28,2025-06-18,325,286.61
241004AB,7417081143053,2024-10-04,2024-07-08,2026-01-18,176,37.91
241004AC,2764870889303,2024-10-04,2024-05-10,2024-06-18,101,321.35
241004AD,4426249772873,2024-10-04,2024-07-18,2025-12-09,348,34.53
241004AE,9133603908014,2024-10-04,2024-08-22,2026-03-26,114,247.45
240812BA,9792841352355,2024-08-12,2024-05-03,2025-04-15,372,46.88
240812BB,7784851719923,2024-08-12,2024-04-22,2025-07-24,55,17.76
240812BC,7417081143053,2024-08-12,2024-05-24,2026-01-03,492,30.45
240812BD,5966087203573,2024-08-12,2024-06-30,2025-03-28,77,323.72
240110CA,1489716693439,2024-01-10,2023-09-25,2025-09-11,416,249.19
240110CB,7784851719923,2024-01-10,2023-10-11,2024-07-12,376,18.3
240523CA,2676489428461,2024-05-23,2024-02-18,2024-11-02,442,40.42
240523CB,9341222702392,2024-05-23,2024-02-23,2025-11-09,280,180.52
240523CC,6768130244551,2024-05-23,2024-03-01,2024-07-03,268,290.87
240523CD,2168494776151,2024-05-23,2024-01-24,2025-05-02,150,221.52
240523CE,4243802214885,2024-05-23,2024-01-21,2025-05-28,312,210.15
241112CA,3348353436381,2024-11-12,2024-09-07,2024-12-13,295,294.26
241112CB,9679955033493,2024-11-12,2024-09-27,2026-05-29,291,26.1
241112CC,8650517934553,2024-11-12,2024-06-25,2026-01-12,102,276.05
241112CD,9471443645365,2024-11-12,2024-07-05,2024-09-06,70,389.75
241112CE,7538675410397,2024-11-12,2024-07-09,2025-08-05,223,192.66
241207EA,3046223091366,2024-12-07,2024-08-24,2025-10-28,415,229.31
241207EB,9099746266551,2024-12-07,2024-08-03,2026-01-15,256,383.12
241207EC,9341222702392,2024-12-07,2024-06-25,2026-04-09,120,175.59
241207ED,5966087203573,2024-12-07,2024-09-14,2025-09-10,260,290.25
241207EE,7784851719923,2024-12-07,2024-07-28,2024-11-28,220,15.94
240107EA,2005707746631,2024-01-07,2023-09-30,2024-07-31,78,412.86
240107EB,3922480347697,2024-01-07,2023-10-05,2024-07-15,244,237.58
240107EC,8952577124826,2024-01-07,2023-08-20,2025-05-25,428,84.59
241001CA,9099746266551,2024-10-01,2024-08-03,2026-06-13,391,358.59
241001CB,3801660182303,2024-10-01,2024-05-27,2025-05-06,118,269.26
241001CC,1887140245119,2024-10-01,2024-05-13,2025-03-09,371,32.93
241001CD,4266329572283,2024-10-01,2024-06-03,2025-04-27,64,413.16
241008DA,1440710811309,2024-10-08,2024-09-01,2025-08-01,261,19.2
241008DB,2646305542863,2024-10-08,2024-05-03,2024-08-06,444,75.0
241008DC,2974785865598,2024-10-08,2024-04-14,2025-05-24,215,277.63
241008DD,9471443645365,2024-10-08,2024-05-30,2024-11-03,303,374.62
241008DE,4887387328514,2024-10-08,2024-04-17,2025-02-21,73,51.47
240603EA,4852979716602,2024-06-03,2023-12-26,2024-03-29,402,36.06
240603EB,1319495204239,2024-06-03,2024-03-03,2025-10-11,462,403.26
240603EC,8060776080538,2024-06-03,2024-02-25,2025-11-21,81,307.37
240603ED,2168494776151,2024-06-03,2023-12-31,2024-04-14,482,255.08
241230CA,2168494776151,2024-12-30,2024-07-20,2025-05-08,314,215.04
241230CB,3019733334840,2024-12-30,2024-10-06,2024-11-18,307,113.53
241230CC,1319495204239,2024-12-30,2024-07-15,2025-08-31,473,374.37
241230CD,9471443645365,2024-12-30,2024-08-17,2025-11-18,193,318.36
240531DA,5966087203573,2024-05-31,2024-02-11,2025-06-02,52,386.11
240823AA,8493556002921,2024-08-23,2024-03-14,2025-02-09,391,272.2
240823AB,4651387619190,2024-08-23,2024-06-16,2025-09-11,203,159.51
240823AC,9679955033493,2024-08-23,2024-04-06,2025-03-12,105,19.52
240823AD,5573515979800,2024-08-23,2024-02-27,2024-06-11,497,216.15
240823AE,5656234314111,2024-08-23,2024-04-11,2026-02-12,405,363.31
240520CA,4651387619190,2024-05-20,2024-02-08,2025-09-24,389,160.79
240903BA,2081796341037,2024-09-03,2024-07-05,2026-05-21,361,170.3
240903BB,9550889811760,2024-09-03,2024-05-18,2025-11-05,372,420.06
240620BA,5723787941699,2024-06-20,2024-02-03,2024-07-03,183,241.67
240620BB,1081846168108,2024-06-20,2024-04-01,2025-06-04,133,334.86
240620BC,1489716693439,2024-06-20,2024-03-20,2025-08-03,303,299.43
240620BD,2005707746631,2024-06-20,2024-04-22,2024-11-04,59,298.38
240228DA,7193208938982,2024-02-28,2023-12-25,2024-12-06,455,58.03
240228DB,1319495204239,2024-02-28,2023-11-22,2025-09-17,90,419.44
240818DA,5756935329189,2024-08-18,2024-07-09,2024-12-20,79,318.92
240818DB,7909647285748,2024-08-18,2024-07-04,2025-05-15,500,264.28
240818DC,4651387619190,2024-08-18,2024-04-17,2026-03-06,119,140.73
240906AA,4799124724315,2024-09-06,2024-08-02,2025-04-28,362,126.23
240906AB,6400454451965,2024-09-06,2024-03-24,2024-05-16,124,254.76
240214BA,6695212836394,2024-02-14,2024-01-15,2024-07-11,323,228.11
240722CA,5573515979800,2024-07-22,2024-03-02,2024-08-30,90,194.56
240722CB,1530281751828,2024-07-22,2024-06-20,2024-09-28,327,135.23
240904DA,2668380592920,2024-09-04,2024-06-24,2026-03-13,317,286.7
240417EA,7009664627837,2024-04-17,2023-11-28,2025-07-17,79,196.66
240519BA,1440710811309,2024-05-19,2024-03-30,2025-02-22,377,20.67
241114BA,1885386949733,2024-11-14,2024-07-21,2024-12-24,404,44.82
241114BB,5656234314111,2024-11-14,2024-09-26,2025-06-23,312,324.43
240212AA,1081846168108,2024-02-12,2023-10-05,2024-08-21,161,269.18
240212AB,3442852944505,2024-02-12,2023-09-24,2024-06-22,440,149.92
240212AC,2081796341037,2024-02-12,2023-12-16,2025-06-27,361,179.92
240212AD,8493556002921,2024-02-12,2023-09-07,2025-05-09,491,322.19
240212AE,7193208938982,2024-02-12,2023-11-15,2025-09-01,410,51.23
241207BA,6768130244551,2024-12-07,2024-10-04,2025-11-08,428,373.23
241207BB,1374644357806,2024-12-07,2024-10-17,2026-04-08,67,151.38
241207BC,1110475018705,2024-12-07,2024-10-10,2025-07-10,374,55.58
240121EA,6695212836394,2024-01-21,2023-10-06,2025-02-27,221,313.3
240121EB,7193208938982,2024-01-21,2023-09-03,2024-06-19,66,61.13
241213AA,6373646879188,2024-12-13,2024-06-18,2024-08-05,188,254.46
241213AB,7438552944490,2024-12-13,2024-09-25,2025-07-03,399,191.44
241213AC,3442852944505,2024-12-13,2024-08-02,2025-12-17,381,207.82
241213AD,2646305542863,2024-12-13,2024-11-04,2026-09-29,147,51.22
241202BA,1374644357806,2024-12-02,2024-10-03,2025-07-03,307,140.56
241202BB,1530281751828,2024-12-02,2024-09-23,2026-07-11,249,109.83
241202BC,7417081143053,2024-12-02,2024-10-02,2026-05-19,392,29.45
240731BA,8060776080538,2024-07-31,2024-02-19,2025-04-26,79,319.96
240731BB,7442652072221,2024-07-31,2024-04-11,2025-10-09,463,223.61
240229DA,4852979716602,2024-02-29,2023-11-20,2024-06-03,359,32.62
240229DB,1081846168108,2024-02-29,2023-12-23,2025-07-26,133,286.6
240229DC,2081796341037,2024-02-29,2023-09-25,2025-07-10,194,173.9
240229DD,9320526500374,2024-02-29,2023-09-25,2024-11-22,65,180.18
240229DE,6874779065864,2024-02-29,2024-01-26,2024-06-15,458,277.9
240101AA,6400454451965,2024-01-01,2023-09-19,2024-09-16,409,317.69
240101AB,2668380592920,2024-01-01,2023-11-04,2024-02-07,177,299.89
240101AC,9792841352355,2024-01-01,2023-09-30,2025-07-03,90,47.93
240101AD,1319495204239,2024-01-01,2023-09-02,2025-08-23,382,372.31
241229CA,8650517934553,2024-12-29,2024-07-15,2025-10-01,73,228.61
240112EA,1366803933780,2024-01-12,2023-11-25,2024-10-23,132,192.44
240112EB,7118631998839,2024-01-12,2023-11-04,2025-07-01,165,90.36
240403EA,6079913241894,2024-04-03,2023-11-17,2025-06-25,490,386.58
240403EB,5573515979800,2024-04-03,2023-11-20,2024-05-31,420,174.19
240403EC,9133603908014,2024-04-03,2023-10-13,2024-01-01,69,286.99
240126BA,8986011122048,2024-01-26,2023-08-05,2025-05-31,494,115.28
240126BB,4264705587768,2024-01-26,2023-08-18,2025-02-19,195,272.34
240126BC,9679955033493,2024-01-26,2023-07-31,2024-08-29,386,19.77
241024EA,4651387619190,2024-10-24,2024-09-02,2025-06-18,67,116.17
241024EB,1904792486473,2024-10-24,2024-09-24,2026-04-22,389,318.43
241024EC,4852979716602,2024-10-24,2024-08-25,2025-08-08,214,43.03
241024ED,1885386949733,2024-10-24,2024-05-28,2025-08-07,301,42.36
241024EE,7477584351590,2024-10-24,2024-08-18,2025-06-08,64,188.04
241020AA,5334981206381,2024-10-20,2024-06-20,2026-02-05,104,235.16
241020AB,7538675410397,2024-10-20,2024-06-09,2024-07-18,89,133.97
240122BA,8562587170545,2024-01-22,2023-11-22,2025-04-24,261,229.13
240122BB,9320526500374,2024-01-22,2023-11-29,2024-05-12,296,133.59
240427DA,8068700962471,2024-04-27,2024-01-25,2024-12-24,320,208.13
240427DB,3348353436381,2024-04-27,2023-12-23,2024-05-22,241,230.55
240427DC,9882839546088,2024-04-27,2023-11-23,2025-11-11,146,205.96
240427DD,2668380592920,2024-04-27,2024-02-25,2025-03-18,131,315.19
240427DE,9341222702392,2024-04-27,2023-12-05,2025-08-17,385,153.67
240220CA,7477584351590,2024-02-20,2024-01-13,2025-02-24,496,207.66
240729BA,9099746266551,2024-07-29,2024-06-23,2025-07-21,309,390.45
240729BB,6400454451965,2024-07-29,2024-06-05,2024-10-25,334,343.67
240729BC,3000161243260,2024-07-29,2024-02-20,2024-09-07,264,216.79
240729BD,5524031117940,2024-07-29,2024-03-10,2024-10-03,82,230.68
240729BE,1374644357806,2024-07-29,2024-06-14,2024-08-23,242,122.18
240203DA,2168494776151,2024-02-03,2023-08-16,2024-08-03,402,220.42
240203DB,6079913241894,2024-02-03,2023-10-03,2025-02-17,150,371.7
240203DC,6400454451965,2024-02-03,2023-08-23,2024-12-07,417,283.4
240203DD,2764870889303,2024-02-03,2023-11-20,2024-11-27,59,295.58
240516EA,1885386949733,2024-05-16,2024-01-13,2025-07-21,461,49.83
240516EB,3348353436381,2024-05-16,2024-03-02,2025-10-28,260,299.26
240516EC,2974785865598,2024-05-16,2024-02-05,2024-06-27,221,264.55
240516ED,9471443645365,2024-05-16,2024-03-23,2024-09-13,387,302.53
240516EE,8118777908898,2024-05-16,2023-12-25,2025-06-08,283,17.43
240909AA,8068700962471,2024-09-09,2024-04-05,2025-10-01,372,209.37
240909AB,2081796341037,2024-09-09,2024-04-04,2024-07-18,449,140.45
240909AC,9882839546088,2024-09-09,2024-07-04,2026-03-11,188,187.97
240101BA,4887387328514,2024-01-01,2023-10-17,2024-04-23,163,50.46
240101BB,4243802214885,2024-01-01,2023-08-18,2024-02-06,126,267.55
240705DA,1904792486473,2024-07-05,2024-02-26,2025-05-18,110,393.35
240705DB,1440710811309,2024-07-05,2024-02-13,2024-07-21,170,15.59
240429DA,5112203895591,2024-04-29,2023-12-16,2025-08-29,413,78.01
240429DB,5524031117940,2024-04-29,2023-11-21,2024-05-07,247,210.2
240725DA,7111402598169,2024-07-25,2024-03-09,2025-07-27,264,173.72
240725DB,9341222702392,2024-07-25,2024-05-31,2025-08-13,444,153.34
240725DC,2668380592920,2024-07-25,2024-02-15,2025-04-06,269,292.7
240725DD,5334981206381,2024-07-25,2024-02-01,2024-10-31,480,226.08
240127CA,3046223091366,2024-01-27,2023-11-14,2024-03-29,370,275.77
240127CB,5334981206381,2024-01-27,2023-08-22,2024-12-08,300,209.93
240127CC,9550889811760,2024-01-27,2023-11-17,2024-03-03,185,310.4
240127CD,7538675410397,2024-01-27,2023-12-02,2025-07-07,442,197.91
241216DA,7784851719923,2024-12-16,2024-06-19,2026-01-10,482,17.04
241216DB,3000161243260,2024-12-16,2024-08-05,2024-12-15,108,174.74
241216DC,8562587170545,2024-12-16,2024-06-29,2025-04-29,263,255.23
240402BA,4799124724315,2024-04-02,2023-10-23,2025-08-13,409,118.63
240402BB,2005707746631,2024-04-02,2024-02-10,2025-03-26,156,345.23
240708AA,7193208938982,2024-07-08,2024-02-20,2025-08-26,55,59.69
240708AB,5524031117940,2024-07-08,2024-04-21,2025-10-01,464,204.09
240708AC,2676489428461,2024-07-08,2024-02-20,2025-11-18,387,41.33
240206DA,9366403560281,2024-02-06,2023-11-17,2025-10-24,457,337.13
240206DB,7111402598169,2024-02-06,2023-12-24,2025-04-14,422,220.41
240206DC,5112203895591,2024-02-06,2023-08-27,2024-04-07,313,72.72
240206DD,9366403560281,2024-02-06,2023-09-06,2024-04-06,261,306.07
241128EA,7538675410397,2024-11-28,2024-07-12,2024-10-28,288,168.63
241128EB,7009664627837,2024-11-28,2024-10-01,2026-07-11,450,251.38
241128EC,8493556002921,2024-11-28,2024-08-31,2026-01-19,399,289.9
241128ED,3270110394259,2024-11-28,2024-08-20,2025-10-28,123,238.83
241128EE,9792841352355,2024-11-28,2024-08-10,2025-03-15,210,48.34
240129AA,7417081143053,2024-01-29,2023-10-27,2025-08-05,188,28.87
240317CA,2668380592920,2024-03-17,2023-11-18,2024-11-08,219,276.53
240317CB,1530281751828,2024-03-17,2024-02-13,2025-06-21,85,137.63
240206BA,7118631998839,2024-02-06,2023-10-22,2025-09-18,181,68.7
240206BB,7909647285748,2024-02-06,2023-10-15,2025-04-16,183,305.86
